ID,Мальчики,ID,Девочки,ID,Фамилии
AmericanNameBoy1,Liam,AmericanNameGirl1,Olivia,AmericanSurname1,Roland
AmericanNameBoy2,Noah,AmericanNameGirl2,Emma,AmericanSurname2,Corbyn
AmericanNameBoy3,Oliver,AmericanNameGirl3,Ava,AmericanSurname3,Smith
AmericanNameBoy4,William,AmericanNameGirl4,Sophia,AmericanSurname4,Johnson
AmericanNameBoy5,Elijah,AmericanNameGirl5,Isabella,AmericanSurname5,Williams
AmericanNameBoy6,James,AmericanNameGirl6,Charlotte,AmericanSurname6,Jones
AmericanNameBoy7,Benjamin,AmericanNameGirl7,Amelia,AmericanSurname7,Brown
AmericanNameBoy8,Lucas,AmericanNameGirl8,Mia,AmericanSurname8,Davis
AmericanNameBoy9,Mason,AmericanNameGirl9,Harper,AmericanSurname9,Miller
AmericanNameBoy10,Ethan,AmericanNameGirl10,Evelyn,AmericanSurname10,Wilson
AmericanNameBoy11,Alexander,AmericanNameGirl11,Abigail,AmericanSurname11,Moore
AmericanNameBoy12,Henry,AmericanNameGirl12,Emily,AmericanSurname12,Taylor
AmericanNameBoy13,Jacob,AmericanNameGirl13,Ella,AmericanSurname13,Anderson
AmericanNameBoy14,Michael,AmericanNameGirl14,Elizabeth,AmericanSurname14,Thomas
AmericanNameBoy15,Daniel,AmericanNameGirl15,Camila,AmericanSurname15,Jackson
AmericanNameBoy16,Logan,AmericanNameGirl16,Luna,AmericanSurname16,White
AmericanNameBoy17,Jackson,AmericanNameGirl17,Sofia,AmericanSurname17,Harris
AmericanNameBoy18,Sebastian,AmericanNameGirl18,Avery,AmericanSurname18,Martin
AmericanNameBoy19,Jack,AmericanNameGirl19,Mila,AmericanSurname19,Thompson
AmericanNameBoy20,Aiden,AmericanNameGirl20,Aria,AmericanSurname20,Garcia
AmericanNameBoy21,Owen,AmericanNameGirl21,Scarlett,AmericanSurname21,Martinez
AmericanNameBoy22,Samuel,AmericanNameGirl22,Penelope,AmericanSurname22,Robinson
AmericanNameBoy23,Matthew,AmericanNameGirl23,Layla,AmericanSurname23,Clark
AmericanNameBoy24,Joseph,AmericanNameGirl24,Chloe,AmericanSurname24,Rodriguez
AmericanNameBoy25,Levi,AmericanNameGirl25,Victoria,AmericanSurname25,Lewis
AmericanNameBoy26,Mateo,AmericanNameGirl26,Madison,AmericanSurname26,Lee
AmericanNameBoy27,David,AmericanNameGirl27,Eleanor,AmericanSurname27,Walker
AmericanNameBoy28,John,AmericanNameGirl28,Grace,AmericanSurname28,Hall
AmericanNameBoy29,Wyatt,AmericanNameGirl29,Nora,AmericanSurname29,Allen
AmericanNameBoy30,Carter,AmericanNameGirl30,Riley,AmericanSurname30,Young
AmericanNameBoy31,Julian,AmericanNameGirl31,Zoey,AmericanSurname31,Hernandez
AmericanNameBoy32,Luke,AmericanNameGirl32,Hannah,AmericanSurname32,King
AmericanNameBoy33,Grayson,AmericanNameGirl33,Hazel,AmericanSurname33,Wright
AmericanNameBoy34,Isaac,AmericanNameGirl34,Lily,AmericanSurname34,Lopez
AmericanNameBoy35,Jayden,AmericanNameGirl35,Ellie,AmericanSurname35,Hill
AmericanNameBoy36,Theodore,AmericanNameGirl36,Violet,AmericanSurname36,Scott
AmericanNameBoy37,Gabriel,AmericanNameGirl37,Lillian,AmericanSurname37,Green
AmericanNameBoy38,Anthony,AmericanNameGirl38,Zoe,AmericanSurname38,Adams
AmericanNameBoy39,Dylan,AmericanNameGirl39,Stella,AmericanSurname39,Baker
AmericanNameBoy40,Leo,AmericanNameGirl40,Aurora,AmericanSurname40,Gonzalez
AmericanNameBoy41,Lincoln,AmericanNameGirl41,Natalie,AmericanSurname41,Nelson
AmericanNameBoy42,Jaxon,AmericanNameGirl42,Emilia,AmericanSurname42,Carter
AmericanNameBoy43,Asher,AmericanNameGirl43,Everly,AmericanSurname43,Mitchell
AmericanNameBoy44,Christopher,AmericanNameGirl44,Leah,AmericanSurname44,Perez
AmericanNameBoy45,Josiah,AmericanNameGirl45,Aubrey,AmericanSurname45,Roberts
AmericanNameBoy46,Andrew,AmericanNameGirl46,Willow,AmericanSurname46,Turner
AmericanNameBoy47,Thomas,AmericanNameGirl47,Addison,AmericanSurname47,Phillips
AmericanNameBoy48,Joshua,AmericanNameGirl48,Lucy,AmericanSurname48,Campbell
AmericanNameBoy49,Ezra,AmericanNameGirl49,Audrey,AmericanSurname49,Parker
AmericanNameBoy50,Hudson,AmericanNameGirl50,Bella,AmericanSurname50,Evans
AmericanNameBoy51,Charles,AmericanNameGirl51,Nova,AmericanSurname51,Edwards
AmericanNameBoy52,Caleb,AmericanNameGirl52,Brooklyn,AmericanSurname52,Collins
AmericanNameBoy53,Isaiah,AmericanNameGirl53,Paisley,AmericanSurname53,Stewart
AmericanNameBoy54,Ryan,AmericanNameGirl54,Savannah,AmericanSurname54,Sanchez
AmericanNameBoy55,Nathan,AmericanNameGirl55,Claire,AmericanSurname55,Morris
AmericanNameBoy56,Adrian,AmericanNameGirl56,Skylar,AmericanSurname56,Rogers
AmericanNameBoy57,Christian,AmericanNameGirl57,Isla,AmericanSurname57,Reed
AmericanNameBoy58,Maverick,AmericanNameGirl58,Genesis,AmericanSurname58,Cook
AmericanNameBoy59,Colton,AmericanNameGirl59,Naomi,AmericanSurname59,Morgan
AmericanNameBoy60,Elias,AmericanNameGirl60,Elena,AmericanSurname60,Bell
AmericanNameBoy61,Aaron,AmericanNameGirl61,Caroline,AmericanSurname61,Murphy
AmericanNameBoy62,Eli,AmericanNameGirl62,Eliana,AmericanSurname62,Bailey
AmericanNameBoy63,Landon,AmericanNameGirl63,Anna,AmericanSurname63,Rivera
AmericanNameBoy64,Jonathan,AmericanNameGirl64,Maya,AmericanSurname64,Cooper
AmericanNameBoy65,Nolan,AmericanNameGirl65,Valentina,AmericanSurname65,Richardson
AmericanNameBoy66,Hunter,AmericanNameGirl66,Ruby,AmericanSurname66,Cox
AmericanNameBoy67,Cameron,AmericanNameGirl67,Kennedy,AmericanSurname67,Howard
AmericanNameBoy68,Connor,AmericanNameGirl68,Ivy,AmericanSurname68,Ward
AmericanNameBoy69,Santiago,AmericanNameGirl69,Ariana,AmericanSurname69,Torres
AmericanNameBoy70,Jeremiah,AmericanNameGirl70,Aaliyah,AmericanSurname70,Peterson
AmericanNameBoy71,Ezekiel,AmericanNameGirl71,Cora,AmericanSurname71,Gray
AmericanNameBoy72,Angel,AmericanNameGirl72,Madelyn,AmericanSurname72,Ramirez
AmericanNameBoy73,Roman,AmericanNameGirl73,Alice,AmericanSurname73,James
AmericanNameBoy74,Easton,AmericanNameGirl74,Kinsley,AmericanSurname74,Watson
AmericanNameBoy75,Miles,AmericanNameGirl75,Hailey,AmericanSurname75,Brooks
AmericanNameBoy76,Robert,AmericanNameGirl76,Gabriella,AmericanSurname76,Kelly
AmericanNameBoy77,Jameson,AmericanNameGirl77,Allison,AmericanSurname77,Sanders
AmericanNameBoy78,Nicholas,AmericanNameGirl78,Gianna,AmericanSurname78,Price
AmericanNameBoy79,Greyson,AmericanNameGirl79,Serenity,AmericanSurname79,Bennett
AmericanNameBoy80,Cooper,AmericanNameGirl80,Samantha,AmericanSurname80,Wood
AmericanNameBoy81,Ian,AmericanNameGirl81,Sarah,AmericanSurname81,Barnes
AmericanNameBoy82,Carson,AmericanNameGirl82,Autumn,AmericanSurname82,Ross
AmericanNameBoy83,Axel,AmericanNameGirl83,Quinn,AmericanSurname83,Henderson
AmericanNameBoy84,Jaxson,AmericanNameGirl84,Eva,AmericanSurname84,Coleman
AmericanNameBoy85,Dominic,AmericanNameGirl85,Piper,AmericanSurname85,Jenkins
AmericanNameBoy86,Leonardo,AmericanNameGirl86,Sophie,AmericanSurname86,Perry
AmericanNameBoy87,Luca,AmericanNameGirl87,Sadie,AmericanSurname87,Powell
AmericanNameBoy88,Austin,AmericanNameGirl88,Delilah,AmericanSurname88,Long
AmericanNameBoy89,Jordan,AmericanNameGirl89,Josephine,AmericanSurname89,Patterson
AmericanNameBoy90,Adam,AmericanNameGirl90,Nevaeh,AmericanSurname90,Hughes
AmericanNameBoy91,Xavier,AmericanNameGirl91,Adeline,AmericanSurname91,Flores
AmericanNameBoy92,Jose,AmericanNameGirl92,Arya,AmericanSurname92,Washington
AmericanNameBoy93,Jace,AmericanNameGirl93,Emery,AmericanSurname93,Butler
AmericanNameBoy94,Everett,AmericanNameGirl94,Lydia,AmericanSurname94,Simmons
AmericanNameBoy95,Declan,AmericanNameGirl95,Clara,AmericanSurname95,Foster
AmericanNameBoy96,Evan,AmericanNameGirl96,Vivian,AmericanSurname96,Gonzales
AmericanNameBoy97,Kayden,AmericanNameGirl97,Madeline,AmericanSurname97,Bryant
AmericanNameBoy98,Parker,AmericanNameGirl98,Peyton,AmericanSurname98,Alexander
AmericanNameBoy99,Wesley,AmericanNameGirl99,Julia,AmericanSurname99,Russell
AmericanNameBoy100,Kai,AmericanNameGirl100,Rylee,AmericanSurname100,Griffin
AmericanNameBoy101,Brayden,AmericanNameGirl101,Brielle,AmericanSurname101,Diaz
AmericanNameBoy102,Bryson,AmericanNameGirl102,Reagan,AmericanSurname102,Hayes
AmericanNameBoy103,Weston,AmericanNameGirl103,Natalia,AmericanSurname103,Myers
AmericanNameBoy104,Jason,AmericanNameGirl104,Jade,AmericanSurname104,Ford
AmericanNameBoy105,Emmett,AmericanNameGirl105,Athena,AmericanSurname105,Hamilton
AmericanNameBoy106,Sawyer,AmericanNameGirl106,Maria,AmericanSurname106,Graham
AmericanNameBoy107,Silas,AmericanNameGirl107,Leilani,AmericanSurname107,Sullivan
AmericanNameBoy108,Bennett,AmericanNameGirl108,Everleigh,AmericanSurname108,Wallace
AmericanNameBoy109,Brooks,AmericanNameGirl109,Liliana,AmericanSurname109,Woods
AmericanNameBoy110,Micah,AmericanNameGirl110,Melanie,AmericanSurname110,Cole
AmericanNameBoy111,Damian,AmericanNameGirl111,Mackenzie,AmericanSurname111,West
AmericanNameBoy112,Harrison,AmericanNameGirl112,Hadley,AmericanSurname112,Jordan
AmericanNameBoy113,Waylon,AmericanNameGirl113,Raelynn,AmericanSurname113,Owens
AmericanNameBoy114,Ayden,AmericanNameGirl114,Kaylee,AmericanSurname114,Reynolds
AmericanNameBoy115,Vincent,AmericanNameGirl115,Rose,AmericanSurname115,Fisher
AmericanNameBoy116,Ryder,AmericanNameGirl116,Arianna,AmericanSurname116,Ellis
AmericanNameBoy117,Kingston,AmericanNameGirl117,Isabelle,AmericanSurname117,Harrison
AmericanNameBoy118,Rowan,AmericanNameGirl118,Melody,AmericanSurname118,Gibson
AmericanNameBoy119,George,AmericanNameGirl119,Eliza,AmericanSurname119,McDonald
AmericanNameBoy120,Luis,AmericanNameGirl120,Lyla,AmericanSurname120,Cruz
AmericanNameBoy121,Chase,AmericanNameGirl121,Katherine,AmericanSurname121,Marshall
AmericanNameBoy122,Cole,AmericanNameGirl122,Aubree,AmericanSurname122,Ortiz
AmericanNameBoy123,Nathaniel,AmericanNameGirl123,Adalynn,AmericanSurname123,Gomez
AmericanNameBoy124,Zachary,AmericanNameGirl124,Kylie,AmericanSurname124,Murray
AmericanNameBoy125,Ashton,AmericanNameGirl125,Faith,AmericanSurname125,Freeman
AmericanNameBoy126,Braxton,AmericanNameGirl126,Mary,AmericanSurname126,Wells
AmericanNameBoy127,Gavin,AmericanNameGirl127,Margaret,AmericanSurname127,Webb
AmericanNameBoy128,Tyler,AmericanNameGirl128,Ximena,AmericanSurname128,Simpson
AmericanNameBoy129,Diego,AmericanNameGirl129,Iris,AmericanSurname129,Stevens
AmericanNameBoy130,Bentley,AmericanNameGirl130,Alexandra,AmericanSurname130,Tucker
AmericanNameBoy131,Amir,AmericanNameGirl131,Jasmine,AmericanSurname131,Porter
AmericanNameBoy132,Beau,AmericanNameGirl132,Charlie,AmericanSurname132,Hunter
AmericanNameBoy133,Gael,AmericanNameGirl133,Amaya,AmericanSurname133,Hicks
AmericanNameBoy134,Carlos,AmericanNameGirl134,Taylor,AmericanSurname134,Crawford
AmericanNameBoy135,Ryker,AmericanNameGirl135,Isabel,AmericanSurname135,Henry
AmericanNameBoy136,Jasper,AmericanNameGirl136,Ashley,AmericanSurname136,Boyd
AmericanNameBoy137,Max,AmericanNameGirl137,Khloe,AmericanSurname137,Mason
AmericanNameBoy138,Juan,AmericanNameGirl138,Ryleigh,AmericanSurname138,Morales
AmericanNameBoy139,Ivan,AmericanNameGirl139,Alexa,AmericanSurname139,Kennedy
AmericanNameBoy140,Brandon,AmericanNameGirl140,Amara,AmericanSurname140,Warren
AmericanNameBoy141,Jonah,AmericanNameGirl141,Valeria,AmericanSurname141,Dixon
AmericanNameBoy142,Giovanni,AmericanNameGirl142,Andrea,AmericanSurname142,Ramos
AmericanNameBoy143,Kaiden,AmericanNameGirl143,Parker,AmericanSurname143,Reyes
AmericanNameBoy144,Myles,AmericanNameGirl144,Norah,AmericanSurname144,Burns
AmericanNameBoy145,Calvin,AmericanNameGirl145,Eden,AmericanSurname145,Gordon
AmericanNameBoy146,Lorenzo,AmericanNameGirl146,Elliana,AmericanSurname146,Shaw
AmericanNameBoy147,Maxwell,AmericanNameGirl147,Brianna,AmericanSurname147,Holmes
AmericanNameBoy148,Jayce,AmericanNameGirl148,Emersyn,AmericanSurname148,Rice
AmericanNameBoy149,Kevin,AmericanNameGirl149,Valerie,AmericanSurname149,Robertson
AmericanNameBoy150,Legend,AmericanNameGirl150,Anastasia,AmericanSurname150,Hunt
AmericanNameBoy151,Tristan,AmericanNameGirl151,Eloise,AmericanSurname151,Black
AmericanNameBoy152,Jesus,AmericanNameGirl152,Emerson,AmericanSurname152,Daniels
AmericanNameBoy153,Jude,AmericanNameGirl153,Cecilia,AmericanSurname153,Palmer
AmericanNameBoy154,Zion,AmericanNameGirl154,Remi,AmericanSurname154,Mills
AmericanNameBoy155,Justin,AmericanNameGirl155,Josie,AmericanSurname155,Nichols
AmericanNameBoy156,Maddox,AmericanNameGirl156,Alina,AmericanSurname156,Grant
AmericanNameBoy157,Abel,AmericanNameGirl157,Reese,AmericanSurname157,Knight
AmericanNameBoy158,King,AmericanNameGirl158,Bailey,AmericanSurname158,Ferguson
AmericanNameBoy159,Camden,AmericanNameGirl159,Lucia,AmericanSurname159,Rose
AmericanNameBoy160,Elliott,AmericanNameGirl160,Adalyn,AmericanSurname160,Stone
AmericanNameBoy161,Malachi,AmericanNameGirl161,Molly,AmericanSurname161,Hawkins
AmericanNameBoy162,Milo,AmericanNameGirl162,Ayla,AmericanSurname162,Dunn
AmericanNameBoy163,Emmanuel,AmericanNameGirl163,Sara,AmericanSurname163,Perkins
AmericanNameBoy164,Karter,AmericanNameGirl164,Daisy,AmericanSurname164,Hudson
AmericanNameBoy165,Rhett,AmericanNameGirl165,London,AmericanSurname165,Spencer
AmericanNameBoy166,Alex,AmericanNameGirl166,Jordyn,AmericanSurname166,Gardner
AmericanNameBoy167,August,AmericanNameGirl167,Esther,AmericanSurname167,Stephens
AmericanNameBoy168,River,AmericanNameGirl168,Genevieve,AmericanSurname168,Payne
AmericanNameBoy169,Xander,AmericanNameGirl169,Harmony,AmericanSurname169,Pierce
AmericanNameBoy170,Antonio,AmericanNameGirl170,Annabelle,AmericanSurname170,Berry
AmericanNameBoy171,Brody,AmericanNameGirl171,Alyssa,AmericanSurname171,Matthews
AmericanNameBoy172,Finn,AmericanNameGirl172,Ariel,AmericanSurname172,Arnold
AmericanNameBoy173,Elliot,AmericanNameGirl173,Aliyah,AmericanSurname173,Wagner
AmericanNameBoy174,Dean,AmericanNameGirl174,Londyn,AmericanSurname174,Willis
AmericanNameBoy175,Emiliano,AmericanNameGirl175,Juliana,AmericanSurname175,Ray
AmericanNameBoy176,Eric,AmericanNameGirl176,Morgan,AmericanSurname176,Watkins
AmericanNameBoy177,Miguel,AmericanNameGirl177,Summer,AmericanSurname177,Olson
AmericanNameBoy178,Arthur,AmericanNameGirl178,Juliette,AmericanSurname178,Carroll
AmericanNameBoy179,Matteo,AmericanNameGirl179,Trinity,AmericanSurname179,Duncan
AmericanNameBoy180,Graham,AmericanNameGirl180,Callie,AmericanSurname180,Snyder
AmericanNameBoy181,Alan,AmericanNameGirl181,Sienna,AmericanSurname181,Hart
AmericanNameBoy182,Nicolas,AmericanNameGirl182,Blakely,AmericanSurname182,Cunningham
AmericanNameBoy183,Blake,AmericanNameGirl183,Alaia,AmericanSurname183,Bradley
AmericanNameBoy184,Thiago,AmericanNameGirl184,Kayla,AmericanSurname184,Lane
AmericanNameBoy185,Adriel,AmericanNameGirl185,Teagan,AmericanSurname185,Andrews
AmericanNameBoy186,Victor,AmericanNameGirl186,Alaina,AmericanSurname186,Ruiz
AmericanNameBoy187,Joel,AmericanNameGirl187,Brynlee,AmericanSurname187,Harper
AmericanNameBoy188,Timothy,AmericanNameGirl188,Finley,AmericanSurname188,Fox
AmericanNameBoy189,Hayden,AmericanNameGirl189,Catalina,AmericanSurname189,Riley
AmericanNameBoy190,Judah,AmericanNameGirl190,Sloane,AmericanSurname190,Armstrong
AmericanNameBoy191,Abraham,AmericanNameGirl191,Rachel,AmericanSurname191,Carpenter
AmericanNameBoy192,Edward,AmericanNameGirl192,Lilly,AmericanSurname192,Weaver
AmericanNameBoy193,Messiah,AmericanNameGirl193,Ember,AmericanSurname193,Greene
AmericanNameBoy194,Zayden,AmericanNameGirl194,Kimberly,AmericanSurname194,Lawrence
AmericanNameBoy195,Theo,AmericanNameGirl195,Juniper,AmericanSurname195,Elliott
AmericanNameBoy196,Tucker,AmericanNameGirl196,Sydney,AmericanSurname196,Chavez
AmericanNameBoy197,Grant,AmericanNameGirl197,Arabella,AmericanSurname197,Sims
AmericanNameBoy198,Richard,AmericanNameGirl198,Gemma,AmericanSurname198,Austin
AmericanNameBoy199,Alejandro,AmericanNameGirl199,Jocelyn,AmericanSurname199,Peters
AmericanNameBoy200,Steven,AmericanNameGirl200,Freya,AmericanSurname200,Kelley
AmericanNameBoy201,Jesse,AmericanNameGirl201,June,AmericanSurname201,Franklin
AmericanNameBoy202,Dawson,AmericanNameGirl202,Lauren,AmericanSurname202,Lawson
AmericanNameBoy203,Bryce,AmericanNameGirl203,Amy,AmericanSurname203,Fields
AmericanNameBoy204,Avery,AmericanNameGirl204,Presley,AmericanSurname204,Gutierrez
AmericanNameBoy205,Oscar,AmericanNameGirl205,Georgia,AmericanSurname205,Ryan
AmericanNameBoy206,Patrick,AmericanNameGirl206,Journee,AmericanSurname206,Schmidt
AmericanNameBoy207,Archer,AmericanNameGirl207,Elise,AmericanSurname207,Carr
AmericanNameBoy208,Barrett,AmericanNameGirl208,Rosalie,AmericanSurname208,Vasquez
AmericanNameBoy209,Leon,AmericanNameGirl209,Ada,AmericanSurname209,Castillo
AmericanNameBoy210,Colt,AmericanNameGirl210,Laila,AmericanSurname210,Wheeler
AmericanNameBoy211,Charlie,AmericanNameGirl211,Brooke,AmericanSurname211,Chapman
AmericanNameBoy212,Peter,AmericanNameGirl212,Diana,AmericanSurname212,Oliver
AmericanNameBoy213,Kaleb,AmericanNameGirl213,Olive,AmericanSurname213,Montgomery
AmericanNameBoy214,Lukas,AmericanNameGirl214,River,AmericanSurname214,Richards
AmericanNameBoy215,Beckett,AmericanNameGirl215,Payton,AmericanSurname215,Williamson
AmericanNameBoy216,Jeremy,AmericanNameGirl216,Ariella,AmericanSurname216,Johnston
AmericanNameBoy217,Preston,AmericanNameGirl217,Daniela,AmericanSurname217,Banks
AmericanNameBoy218,Enzo,AmericanNameGirl218,Raegan,AmericanSurname218,Meyer
AmericanNameBoy219,Luka,AmericanNameGirl219,Alayna,AmericanSurname219,Bishop
AmericanNameBoy220,Andres,AmericanNameGirl220,Gracie,AmericanSurname220,McCoy
AmericanNameBoy221,Marcus,AmericanNameGirl221,Mya,AmericanSurname221,Howell
AmericanNameBoy222,Felix,AmericanNameGirl222,Blake,AmericanSurname222,Alvarez
AmericanNameBoy223,Mark,AmericanNameGirl223,Noelle,AmericanSurname223,Morrison
AmericanNameBoy224,Ace,AmericanNameGirl224,Ana,AmericanSurname224,Hansen
AmericanNameBoy225,Brantley,AmericanNameGirl225,Leila,AmericanSurname225,Fernandez
AmericanNameBoy226,Atlas,AmericanNameGirl226,Paige,AmericanSurname226,Garza
AmericanNameBoy227,Remington,AmericanNameGirl227,Lila,AmericanSurname227,Harvey
AmericanNameBoy228,Maximus,AmericanNameGirl228,Nicole,AmericanSurname228,Little
AmericanNameBoy229,Matias,AmericanNameGirl229,Rowan,AmericanSurname229,Burton
AmericanNameBoy230,Walker,AmericanNameGirl230,Hope,AmericanSurname230,Stanley
AmericanNameBoy231,Kyrie,AmericanNameGirl231,Ruth,AmericanSurname231,Nguyen
AmericanNameBoy232,Griffin,AmericanNameGirl232,Alana,AmericanSurname232,George
AmericanNameBoy233,Kenneth,AmericanNameGirl233,Selena,AmericanSurname233,Jacobs
AmericanNameBoy234,Israel,AmericanNameGirl234,Marley,AmericanSurname234,Reid
AmericanNameBoy235,Javier,AmericanNameGirl235,Kamila,AmericanSurname235,Kim
AmericanNameBoy236,Kyler,AmericanNameGirl236,Alexis,AmericanSurname236,Fuller
AmericanNameBoy237,Jax,AmericanNameGirl237,Mckenzie,AmericanSurname237,Lynch
AmericanNameBoy238,Amari,AmericanNameGirl238,Zara,AmericanSurname238,Dean
AmericanNameBoy239,Zane,AmericanNameGirl239,Millie,AmericanSurname239,Gilbert
AmericanNameBoy240,Emilio,AmericanNameGirl240,Magnolia,AmericanSurname240,Garrett
AmericanNameBoy241,Knox,AmericanNameGirl241,Kali,AmericanSurname241,Romero
AmericanNameBoy242,Adonis,AmericanNameGirl242,Kehlani,AmericanSurname242,Welch
AmericanNameBoy243,Aidan,AmericanNameGirl243,Catherine,AmericanSurname243,Larson
AmericanNameBoy244,Kaden,AmericanNameGirl244,Maeve,AmericanSurname244,Frazier
AmericanNameBoy245,Paul,AmericanNameGirl245,Adelyn,AmericanSurname245,Burke
AmericanNameBoy246,Omar,AmericanNameGirl246,Sawyer,AmericanSurname246,Hanson
AmericanNameBoy247,Brian,AmericanNameGirl247,Elsie,AmericanSurname247,Day
AmericanNameBoy248,Louis,AmericanNameGirl248,Lola,AmericanSurname248,Mendoza
AmericanNameBoy249,Caden,AmericanNameGirl249,Jayla,AmericanSurname249,Moreno
AmericanNameBoy250,Maximiliano,AmericanNameGirl250,Adriana,AmericanSurname250,Bowman
AmericanNameBoy251,Holden,AmericanNameGirl251,Journey,AmericanSurname251,Medina
AmericanNameBoy252,Paxton,AmericanNameGirl252,Vera,AmericanSurname252,Fowler
AmericanNameBoy253,Nash,AmericanNameGirl253,Aspen,AmericanSurname253,Brewer
AmericanNameBoy254,Bradley,AmericanNameGirl254,Joanna,AmericanSurname254,Hoffman
AmericanNameBoy255,Bryan,AmericanNameGirl255,Alivia,AmericanSurname255,Carlson
AmericanNameBoy256,Simon,AmericanNameGirl256,Angela,AmericanSurname256,Silva
AmericanNameBoy257,Phoenix,AmericanNameGirl257,Dakota,AmericanSurname257,Pearson
AmericanNameBoy258,Lane,AmericanNameGirl258,Camille,AmericanSurname258,Holland
AmericanNameBoy259,Josue,AmericanNameGirl259,Nyla,AmericanSurname259,Douglas
AmericanNameBoy260,Colin,AmericanNameGirl260,Tessa,AmericanSurname260,Fleming
AmericanNameBoy261,Rafael,AmericanNameGirl261,Brooklynn,AmericanSurname261,Jensen
AmericanNameBoy262,Kyle,AmericanNameGirl262,Malia,AmericanSurname262,Vargas
AmericanNameBoy263,Riley,AmericanNameGirl263,Makayla,AmericanSurname263,Byrd
AmericanNameBoy264,Jorge,AmericanNameGirl264,Rebecca,AmericanSurname264,Davidson
AmericanNameBoy265,Beckham,AmericanNameGirl265,Fiona,AmericanSurname265,Hopkins
AmericanNameBoy266,Cayden,AmericanNameGirl266,Mariana,AmericanSurname266,May
AmericanNameBoy267,Jaden,AmericanNameGirl267,Lena,AmericanSurname267,Terry
AmericanNameBoy268,Emerson,AmericanNameGirl268,Julianna,AmericanSurname268,Herrera
AmericanNameBoy269,Ronan,AmericanNameGirl269,Vanessa,AmericanSurname269,Wade
AmericanNameBoy270,Karson,AmericanNameGirl270,Juliet,AmericanSurname270,Soto
AmericanNameBoy271,Arlo,AmericanNameGirl271,Camilla,AmericanSurname271,Walters
AmericanNameBoy272,Tobias,AmericanNameGirl272,Kendall,AmericanSurname272,Curtis
AmericanNameBoy273,Brady,AmericanNameGirl273,Harley,AmericanSurname273,Neal
AmericanNameBoy274,Clayton,AmericanNameGirl274,Cali,AmericanSurname274,Caldwell
AmericanNameBoy275,Francisco,AmericanNameGirl275,Evangeline,AmericanSurname275,Lowe
AmericanNameBoy276,Zander,AmericanNameGirl276,Mariah,AmericanSurname276,Jennings
AmericanNameBoy277,Erick,AmericanNameGirl277,Jane,AmericanSurname277,Barnett
AmericanNameBoy278,Walter,AmericanNameGirl278,Zuri,AmericanSurname278,Graves
AmericanNameBoy279,Daxton,AmericanNameGirl279,Elaina,AmericanSurname279,Jimenez
AmericanNameBoy280,Cash,AmericanNameGirl280,Sage,AmericanSurname280,Horton
AmericanNameBoy281,Martin,AmericanNameGirl281,Amira,AmericanSurname281,Shelton
AmericanNameBoy282,Damien,AmericanNameGirl282,Adaline,AmericanSurname282,Barrett
AmericanNameBoy283,Dallas,AmericanNameGirl283,Lia,AmericanSurname283,Obrien
AmericanNameBoy284,Cody,AmericanNameGirl284,Charlee,AmericanSurname284,Castro
AmericanNameBoy285,Chance,AmericanNameGirl285,Delaney,AmericanSurname285,Sutton
AmericanNameBoy286,Jensen,AmericanNameGirl286,Lilah,AmericanSurname286,Gregory
AmericanNameBoy287,Finley,AmericanNameGirl287,Miriam,AmericanSurname287,McKinney
AmericanNameBoy288,Jett,AmericanNameGirl288,Angelina,AmericanSurname288,Lucas
AmericanNameBoy289,Corbin,AmericanNameGirl289,Mckenna,AmericanSurname289,Miles
AmericanNameBoy290,Kash,AmericanNameGirl290,Aniyah,AmericanSurname290,Craig
AmericanNameBoy291,Reid,AmericanNameGirl291,Phoebe,AmericanSurname291,Rodriquez
AmericanNameBoy292,Kameron,AmericanNameGirl292,Michelle,AmericanSurname292,Chambers
AmericanNameBoy293,Andre,AmericanNameGirl293,Thea,AmericanSurname293,Holt
AmericanNameBoy294,Gunner,AmericanNameGirl294,Hayden,AmericanSurname294,Lambert
AmericanNameBoy295,Jake,AmericanNameGirl295,Maggie,AmericanSurname295,Fletcher
AmericanNameBoy296,Hayes,AmericanNameGirl296,Lucille,AmericanSurname296,Watts
AmericanNameBoy297,Manuel,AmericanNameGirl297,Amiyah,AmericanSurname297,Bates
AmericanNameBoy298,Prince,AmericanNameGirl298,Annie,AmericanSurname298,Hale
AmericanNameBoy299,Bodhi,AmericanNameGirl299,Alexandria,AmericanSurname299,Rhodes
AmericanNameBoy300,Cohen,AmericanNameGirl300,Myla,AmericanSurname300,Pena
AmericanNameBoy301,Sean,AmericanNameGirl301,Vivienne,AmericanSurname301,Beck
AmericanNameBoy302,Khalil,AmericanNameGirl302,Kiara,AmericanSurname302,Newman
AmericanNameBoy303,Hendrix,AmericanNameGirl303,Alani,AmericanSurname303,Haynes
AmericanNameBoy304,Derek,AmericanNameGirl304,Margot,AmericanSurname304,McDaniel
AmericanNameBoy305,Cristian,AmericanNameGirl305,Adelaide,AmericanSurname305,Mendez
AmericanNameBoy306,Cruz,AmericanNameGirl306,Briella,AmericanSurname306,Bush
AmericanNameBoy307,Kairo,AmericanNameGirl307,Brynn,AmericanSurname307,Vaughn
AmericanNameBoy308,Dante,AmericanNameGirl308,Saylor,AmericanSurname308,Parks
AmericanNameBoy309,Atticus,AmericanNameGirl309,Destiny,AmericanSurname309,Dawson
AmericanNameBoy310,Killian,AmericanNameGirl310,Amari,AmericanSurname310,Santiago
AmericanNameBoy311,Stephen,AmericanNameGirl311,Evelynn,AmericanSurname311,Norris
AmericanNameBoy312,Orion,AmericanNameGirl312,Haven,AmericanSurname312,Hardy
AmericanNameBoy313,Malakai,AmericanNameGirl313,Phoenix,AmericanSurname313,Love
AmericanNameBoy314,Ali,AmericanNameGirl314,Izabella,AmericanSurname314,Steele
AmericanNameBoy315,Eduardo,AmericanNameGirl315,Kaia,AmericanSurname315,Curry
AmericanNameBoy316,Fernando,AmericanNameGirl316,Lilliana,AmericanSurname316,Powers
AmericanNameBoy317,Anderson,AmericanNameGirl317,Harlow,AmericanSurname317,Schultz
AmericanNameBoy318,Angelo,AmericanNameGirl318,Alessandra,AmericanSurname318,Barker
AmericanNameBoy319,Spencer,AmericanNameGirl319,Madilyn,AmericanSurname319,Guzman
AmericanNameBoy320,Gideon,AmericanNameGirl320,Nina,AmericanSurname320,Page
AmericanNameBoy321,Mario,AmericanNameGirl321,Logan,AmericanSurname321,Munoz
AmericanNameBoy322,Titus,AmericanNameGirl322,Adelynn,AmericanSurname322,Ball
AmericanNameBoy323,Travis,AmericanNameGirl323,Amina,AmericanSurname323,Keller
AmericanNameBoy324,Rylan,AmericanNameGirl324,Kate,AmericanSurname324,Chandler
AmericanNameBoy325,Kayson,AmericanNameGirl325,Fatima,AmericanSurname325,Weber
AmericanNameBoy326,Ricardo,AmericanNameGirl326,Samara,AmericanSurname326,Leonard
AmericanNameBoy327,Tanner,AmericanNameGirl327,Winter,AmericanSurname327,Walsh
AmericanNameBoy328,Malcolm,AmericanNameGirl328,Giselle,AmericanSurname328,Lyons
AmericanNameBoy329,Raymond,AmericanNameGirl329,Evie,AmericanSurname329,Ramsey
AmericanNameBoy330,Odin,AmericanNameGirl330,Arielle,AmericanSurname330,Wolfe
AmericanNameBoy331,Cesar,AmericanNameGirl331,Jessica,AmericanSurname331,Schneider
AmericanNameBoy332,Lennox,AmericanNameGirl332,Talia,AmericanSurname332,Mullins
AmericanNameBoy333,Joaquin,AmericanNameGirl333,Leia,AmericanSurname333,Benson
AmericanNameBoy334,Kane,AmericanNameGirl334,Gabriela,AmericanSurname334,Sharp
AmericanNameBoy335,Wade,AmericanNameGirl335,Gracelyn,AmericanSurname335,Bowen
AmericanNameBoy336,Muhammad,AmericanNameGirl336,Lexi,AmericanSurname336,Daniel
AmericanNameBoy337,Iker,AmericanNameGirl337,Laura,AmericanSurname337,Barber
AmericanNameBoy338,Jaylen,AmericanNameGirl338,Makenzie,AmericanSurname338,Cummings
AmericanNameBoy339,Crew,AmericanNameGirl339,Melissa,AmericanSurname339,Hines
AmericanNameBoy340,Zayn,AmericanNameGirl340,Royalty,AmericanSurname340,Baldwin
AmericanNameBoy341,Hector,AmericanNameGirl341,Rylie,AmericanSurname341,Griffith
AmericanNameBoy342,Ellis,AmericanNameGirl342,Raelyn,AmericanSurname342,Valdez
AmericanNameBoy343,Leonel,AmericanNameGirl343,Gabrielle,AmericanSurname343,Hubbard
AmericanNameBoy344,Cairo,AmericanNameGirl344,Paris,AmericanSurname344,Salazar
AmericanNameBoy345,Garrett,AmericanNameGirl345,Daleyza,AmericanSurname345,Reeves
AmericanNameBoy346,Romeo,AmericanNameGirl346,Joy,AmericanSurname346,Warner
AmericanNameBoy347,Dakota,AmericanNameGirl347,Maisie,AmericanSurname347,Stevenson
AmericanNameBoy348,Edwin,AmericanNameGirl348,Oakley,AmericanSurname348,Burgess
AmericanNameBoy349,Warren,AmericanNameGirl349,Ariyah,AmericanSurname349,Santos
AmericanNameBoy350,Julius,AmericanNameGirl350,Kailani,AmericanSurname350,Tate
AmericanNameBoy351,Major,AmericanNameGirl351,Alayah,AmericanSurname351,Cross
AmericanNameBoy352,Donovan,AmericanNameGirl352,Stephanie,AmericanSurname352,Garner
AmericanNameBoy353,Caiden,AmericanNameGirl353,Amora,AmericanSurname353,Mann
AmericanNameBoy354,Tyson,AmericanNameGirl354,Willa,AmericanSurname354,Mack
AmericanNameBoy355,Nico,AmericanNameGirl355,Gracelynn,AmericanSurname355,Moss
AmericanNameBoy356,Sergio,AmericanNameGirl356,Elle,AmericanSurname356,Thornton
AmericanNameBoy357,Nasir,AmericanNameGirl357,Keira,AmericanSurname357,Dennis
AmericanNameBoy358,Rory,AmericanNameGirl358,Tatum,AmericanSurname358,McGee
AmericanNameBoy359,Devin,AmericanNameGirl359,Veronica,AmericanSurname359,Farmer
AmericanNameBoy360,Jaiden,AmericanNameGirl360,Milani,AmericanSurname360,Delgado
AmericanNameBoy361,Jared,AmericanNameGirl361,Felicity,AmericanSurname361,Aguilar
AmericanNameBoy362,Kason,AmericanNameGirl362,Paislee,AmericanSurname362,Vega
AmericanNameBoy363,Malik,AmericanNameGirl363,Allie,AmericanSurname363,Glover
AmericanNameBoy364,Jeffrey,AmericanNameGirl364,Nylah,AmericanSurname364,Manning
AmericanNameBoy365,Ismael,AmericanNameGirl365,Ariah,AmericanSurname365,Cohen
AmericanNameBoy366,Elian,AmericanNameGirl366,Cassidy,AmericanSurname366,Harmon
AmericanNameBoy367,Marshall,AmericanNameGirl367,Lyric,AmericanSurname367,Rodgers
AmericanNameBoy368,Lawson,AmericanNameGirl368,Madeleine,AmericanSurname368,Robbins
AmericanNameBoy369,Desmond,AmericanNameGirl369,Miracle,AmericanSurname369,Newton
AmericanNameBoy370,Winston,AmericanNameGirl370,Gwendolyn,AmericanSurname370,Todd
AmericanNameBoy371,Nehemiah,AmericanNameGirl371,Octavia,AmericanSurname371,Blair
AmericanNameBoy372,Ari,AmericanNameGirl372,Dahlia,AmericanSurname372,Higgins
AmericanNameBoy373,Conner,AmericanNameGirl373,Heidi,AmericanSurname373,Ingram
AmericanNameBoy374,Jay,AmericanNameGirl374,Celeste,AmericanSurname374,Reese
AmericanNameBoy375,Kade,AmericanNameGirl375,Remington,AmericanSurname375,Cannon
AmericanNameBoy376,Andy,AmericanNameGirl376,Makenna,AmericanSurname376,Strickland
AmericanNameBoy377,Johnny,AmericanNameGirl377,Everlee,AmericanSurname377,Townsend
AmericanNameBoy378,Jayceon,AmericanNameGirl378,Scarlet,AmericanSurname378,Potter
AmericanNameBoy379,Marco,AmericanNameGirl379,Esmeralda,AmericanSurname379,Goodwin
AmericanNameBoy380,Seth,AmericanNameGirl380,Maci,AmericanSurname380,Walton
AmericanNameBoy381,Ibrahim,AmericanNameGirl381,Lainey,AmericanSurname381,Rowe
AmericanNameBoy382,Raiden,AmericanNameGirl382,Jacqueline,AmericanSurname382,Hampton
AmericanNameBoy383,Collin,AmericanNameGirl383,Kira,AmericanSurname383,Ortega
AmericanNameBoy384,Edgar,AmericanNameGirl384,Lana,AmericanSurname384,Patton
AmericanNameBoy385,Erik,AmericanNameGirl385,Brinley,AmericanSurname385,Swanson
AmericanNameBoy386,Troy,AmericanNameGirl386,Demi,AmericanSurname386,Joseph
AmericanNameBoy387,Clark,AmericanNameGirl387,Ophelia,AmericanSurname387,Francis
AmericanNameBoy388,Jaxton,AmericanNameGirl388,Lennon,AmericanSurname388,Goodman
AmericanNameBoy389,Johnathan,AmericanNameGirl389,Reign,AmericanSurname389,Maldonado
AmericanNameBoy390,Gregory,AmericanNameGirl390,Bristol,AmericanSurname390,Yates
AmericanNameBoy391,Russell,AmericanNameGirl391,Sabrina,AmericanSurname391,Becker
AmericanNameBoy392,Royce,AmericanNameGirl392,Alaya,AmericanSurname392,Erickson
AmericanNameBoy393,Fabian,AmericanNameGirl393,Jennifer,AmericanSurname393,Hodges
AmericanNameBoy394,Ezequiel,AmericanNameGirl394,Kenzie,AmericanSurname394,Rios
AmericanNameBoy395,Noel,AmericanNameGirl395,Angel,AmericanSurname395,Conner
AmericanNameBoy396,Pablo,AmericanNameGirl396,Luciana,AmericanSurname396,Adkins
AmericanNameBoy397,Cade,AmericanNameGirl397,Anaya,AmericanSurname397,Webster
AmericanNameBoy398,Pedro,AmericanNameGirl398,Hallie,AmericanSurname398,Norman
AmericanNameBoy399,Sullivan,AmericanNameGirl399,Ryan,AmericanSurname399,Malone
AmericanNameBoy400,Trevor,AmericanNameGirl400,Camryn,AmericanSurname400,Hammond
AmericanNameBoy401,Reed,AmericanNameGirl401,Kinley,AmericanSurname401,Moody
AmericanNameBoy402,Quinn,AmericanNameGirl402,Daniella,AmericanSurname402,Quinn
AmericanNameBoy403,Frank,AmericanNameGirl403,Lilith,AmericanSurname403,Blake
AmericanNameBoy404,Harvey,AmericanNameGirl404,Blair,AmericanSurname404,Maxwell
AmericanNameBoy405,Princeton,AmericanNameGirl405,Amanda,AmericanSurname405,Pope
AmericanNameBoy406,Zayne,AmericanNameGirl406,Collins,AmericanSurname406,Floyd
AmericanNameBoy407,Matthias,AmericanNameGirl407,Jordan,AmericanSurname407,Osborne
AmericanNameBoy408,Conor,AmericanNameGirl408,Maliyah,AmericanSurname408,Paul
AmericanNameBoy409,Sterling,AmericanNameGirl409,Rosemary,AmericanSurname409,McCarthy
AmericanNameBoy410,Dax,AmericanNameGirl410,Cataleya,AmericanSurname410,Guerrero
AmericanNameBoy411,Grady,AmericanNameGirl411,Kaylani,AmericanSurname411,Lindsey
AmericanNameBoy412,Cyrus,AmericanNameGirl412,Gia,AmericanSurname412,Estrada
AmericanNameBoy413,Gage,AmericanNameGirl413,Alison,AmericanSurname413,Sandoval
AmericanNameBoy414,Leland,AmericanNameGirl414,Leighton,AmericanSurname414,Gibbs
AmericanNameBoy415,Solomon,AmericanNameGirl415,Nadia,AmericanSurname415,Tyler
AmericanNameBoy416,Emanuel,AmericanNameGirl416,Sutton,AmericanSurname416,Gross
AmericanNameBoy417,Niko,AmericanNameGirl417,Carolina,AmericanSurname417,Fitzgerald
AmericanNameBoy418,Ruben,AmericanNameGirl418,Skye,AmericanSurname418,Stokes
AmericanNameBoy419,Kasen,AmericanNameGirl419,Alicia,AmericanSurname419,Doyle
AmericanNameBoy420,Mathias,AmericanNameGirl420,Regina,AmericanSurname420,Sherman
AmericanNameBoy421,Kashton,AmericanNameGirl421,Viviana,AmericanSurname421,Saunders
AmericanNameBoy422,Franklin,AmericanNameGirl422,Yaretzi,AmericanSurname422,Wise
AmericanNameBoy423,Remy,AmericanNameGirl423,Heaven,AmericanSurname423,Colon
AmericanNameBoy424,Shane,AmericanNameGirl424,Serena,AmericanSurname424,Gill
AmericanNameBoy425,Kendrick,AmericanNameGirl425,Raven,AmericanSurname425,Alvarado
AmericanNameBoy426,Shawn,AmericanNameGirl426,Emely,AmericanSurname426,Greer
AmericanNameBoy427,Otto,AmericanNameGirl427,Carmen,AmericanSurname427,Padilla
AmericanNameBoy428,Armani,AmericanNameGirl428,Wren,AmericanSurname428,Simon
AmericanNameBoy429,Keegan,AmericanNameGirl429,Helen,AmericanSurname429,Waters
AmericanNameBoy430,Finnegan,AmericanNameGirl430,Charleigh,AmericanSurname430,Nunez
AmericanNameBoy431,Memphis,AmericanNameGirl431,Danielle,AmericanSurname431,Ballard
AmericanNameBoy432,Bowen,AmericanNameGirl432,Daphne,AmericanSurname432,Schwartz
AmericanNameBoy433,Dominick,AmericanNameGirl433,Esme,AmericanSurname433,McBride
AmericanNameBoy434,Kolton,AmericanNameGirl434,Nayeli,AmericanSurname434,Houston
AmericanNameBoy435,Jamison,AmericanNameGirl435,Maddison,AmericanSurname435,Christensen
AmericanNameBoy436,Allen,AmericanNameGirl436,Sarai,AmericanSurname436,Klein
AmericanNameBoy437,Philip,AmericanNameGirl437,Dylan,AmericanSurname437,Pratt
AmericanNameBoy438,Tate,AmericanNameGirl438,Frances,AmericanSurname438,Briggs
AmericanNameBoy439,Peyton,AmericanNameGirl439,Elisa,AmericanSurname439,Parsons
AmericanNameBoy440,Jase,AmericanNameGirl440,Mabel,AmericanSurname440,McLaughlin
AmericanNameBoy441,Oakley,AmericanNameGirl441,Skyler,AmericanSurname441,Zimmerman
AmericanNameBoy442,Rhys,AmericanNameGirl442,Jenna,AmericanSurname442,French
AmericanNameBoy443,Kyson,AmericanNameGirl443,Emelia,AmericanSurname443,Buchanan
AmericanNameBoy444,Adan,AmericanNameGirl444,Kaitlyn,AmericanSurname444,Moran
AmericanNameBoy445,Esteban,AmericanNameGirl445,Miranda,AmericanSurname445,Copeland
AmericanNameBoy446,Dalton,AmericanNameGirl446,Marlee,AmericanSurname446,Holloway
AmericanNameBoy447,Gianni,AmericanNameGirl447,Matilda,AmericanSurname447,Brock
AmericanNameBoy448,Callum,AmericanNameGirl448,Selah,AmericanSurname448,Poole
AmericanNameBoy449,Sage,AmericanNameGirl449,Jolene,AmericanSurname449,Frank
AmericanNameBoy450,Alexis,AmericanNameGirl450,Wynter,AmericanSurname450,Logan
AmericanNameBoy451,Milan,AmericanNameGirl451,Hattie,AmericanSurname451,Owen
AmericanNameBoy452,Moises,AmericanNameGirl452,Bianca,AmericanSurname452,Bass
AmericanNameBoy453,Jonas,AmericanNameGirl453,Haley,AmericanSurname453,Marsh
AmericanNameBoy454,Uriel,AmericanNameGirl454,Lorelei,AmericanSurname454,Drake
AmericanNameBoy455,Colson,AmericanNameGirl455,Mira,AmericanSurname455,Wong
AmericanNameBoy456,Marcos,AmericanNameGirl456,Braelynn,AmericanSurname456,Jefferson
AmericanNameBoy457,Zaiden,AmericanNameGirl457,Annalise,AmericanSurname457,Park
AmericanNameBoy458,Hank,AmericanNameGirl458,Madelynn,AmericanSurname458,Morton
AmericanNameBoy459,Damon,AmericanNameGirl459,Katie,AmericanSurname459,Abbott
AmericanNameBoy460,Hugo,AmericanNameGirl460,Palmer,AmericanSurname460,Sparks
AmericanNameBoy461,Ronin,AmericanNameGirl461,Aylin,AmericanSurname461,Patrick
AmericanNameBoy462,Royal,AmericanNameGirl462,Elliott,AmericanSurname462,Norton
AmericanNameBoy463,Kamden,AmericanNameGirl463,Kyla,AmericanSurname463,Huff
AmericanNameBoy464,Dexter,AmericanNameGirl464,Rory,AmericanSurname464,Clayton
AmericanNameBoy465,Luciano,AmericanNameGirl465,Avianna,AmericanSurname465,Massey
AmericanNameBoy466,Alonzo,AmericanNameGirl466,Liana,AmericanSurname466,Lloyd
AmericanNameBoy467,Augustus,AmericanNameGirl467,Shiloh,AmericanSurname467,Figueroa
AmericanNameBoy468,Kamari,AmericanNameGirl468,Kalani,AmericanSurname468,Carson
AmericanNameBoy469,Eden,AmericanNameGirl469,Jada,AmericanSurname469,Bowers
AmericanNameBoy470,Roberto,AmericanNameGirl470,Kelsey,AmericanSurname470,Roberson
AmericanNameBoy471,Baker,AmericanNameGirl471,Elianna,AmericanSurname471,Barton
AmericanNameBoy472,Bruce,AmericanNameGirl472,Jimena,AmericanSurname472,Tran
AmericanNameBoy473,Kian,AmericanNameGirl473,Kora,AmericanSurname473,Lamb
AmericanNameBoy474,Albert,AmericanNameGirl474,Kamryn,AmericanSurname474,Harrington
AmericanNameBoy475,Frederick,AmericanNameGirl475,Ainsley,AmericanSurname475,Casey
AmericanNameBoy476,Mohamed,AmericanNameGirl476,Averie,AmericanSurname476,Boone
AmericanNameBoy477,Abram,AmericanNameGirl477,Kensley,AmericanSurname477,Cortez
AmericanNameBoy478,Omari,AmericanNameGirl478,Helena,AmericanSurname478,Clarke
AmericanNameBoy479,Porter,AmericanNameGirl479,Holly,AmericanSurname479,Mathis
AmericanNameBoy480,Enrique,AmericanNameGirl480,Emory,AmericanSurname480,Singleton
AmericanNameBoy481,Alijah,AmericanNameGirl481,Macie,AmericanSurname481,Wilkins
AmericanNameBoy482,Francis,AmericanNameGirl482,Amber,AmericanSurname482,Cain
AmericanNameBoy483,Leonidas,AmericanNameGirl483,Zariah,AmericanSurname483,Bryan
AmericanNameBoy484,Zachariah,AmericanNameGirl484,Erin,AmericanSurname484,Underwood
AmericanNameBoy485,Landen,AmericanNameGirl485,Eve,AmericanSurname485,Hogan
AmericanNameBoy486,Wilder,AmericanNameGirl486,Kathryn,AmericanSurname486,McKenzie
AmericanNameBoy487,Apollo,AmericanNameGirl487,Renata,AmericanSurname487,Collier
AmericanNameBoy488,Santino,AmericanNameGirl488,Kayleigh,AmericanSurname488,Luna
AmericanNameBoy489,Tatum,AmericanNameGirl489,Emmy,AmericanSurname489,Phelps
AmericanNameBoy490,Pierce,AmericanNameGirl490,Celine,AmericanSurname490,McGuire
AmericanNameBoy491,Forrest,AmericanNameGirl491,Francesca,AmericanSurname491,Allison
AmericanNameBoy492,Corey,AmericanNameGirl492,Fernanda,AmericanSurname492,Bridges
AmericanNameBoy493,Derrick,AmericanNameGirl493,April,AmericanSurname493,Wilkerson
AmericanNameBoy494,Isaias,AmericanNameGirl494,Shelby,AmericanSurname494,Nash
AmericanNameBoy495,Kaison,AmericanNameGirl495,Poppy,AmericanSurname495,Summers
AmericanNameBoy496,Kieran,AmericanNameGirl496,Colette,AmericanSurname496,Atkins
AmericanNameBoy497,Arjun,AmericanNameGirl497,Meadow,AmericanSurname497,Wilcox
AmericanNameBoy498,Gunnar,AmericanNameGirl498,Nia,AmericanSurname498,Pitts
AmericanNameBoy499,Rocco,AmericanNameGirl499,Sierra,AmericanSurname499,Conley
AmericanNameBoy500,Emmitt,AmericanNameGirl500,Cheyenne,AmericanSurname500,Marquez
AmericanNameBoy501,Abdiel,AmericanNameGirl501,Edith,AmericanSurname501,Burnett
AmericanNameBoy502,Braylen,AmericanNameGirl502,Oaklynn,AmericanSurname502,Richard
AmericanNameBoy503,Maximilian,AmericanNameGirl503,Kennedi,AmericanSurname503,Cochran
AmericanNameBoy504,Skyler,AmericanNameGirl504,Abby,AmericanSurname504,Chase
AmericanNameBoy505,Phillip,AmericanNameGirl505,Danna,AmericanSurname505,Davenport
AmericanNameBoy506,Benson,AmericanNameGirl506,Jazlyn,AmericanSurname506,Hood
AmericanNameBoy507,Cannon,AmericanNameGirl507,Alessia,AmericanSurname507,Gates
AmericanNameBoy508,Deacon,AmericanNameGirl508,Mikayla,AmericanSurname508,Clay
AmericanNameBoy509,Dorian,AmericanNameGirl509,Alondra,AmericanSurname509,Ayala
AmericanNameBoy510,Asa,AmericanNameGirl510,Addilyn,AmericanSurname510,Sawyer
AmericanNameBoy511,Moses,AmericanNameGirl511,Leona,AmericanSurname511,Roman
AmericanNameBoy512,Ayaan,AmericanNameGirl512,Mckinley,AmericanSurname512,Vazquez
AmericanNameBoy513,Jayson,AmericanNameGirl513,Carter,AmericanSurname513,Dickerson
AmericanNameBoy514,Raul,AmericanNameGirl514,Maren,AmericanSurname514,Hodge
AmericanNameBoy515,Briggs,AmericanNameGirl515,Sylvia,AmericanSurname515,Acosta
AmericanNameBoy516,Armando,AmericanNameGirl516,Alejandra,AmericanSurname516,Flynn
AmericanNameBoy517,Nikolai,AmericanNameGirl517,Ariya,AmericanSurname517,Espinoza
AmericanNameBoy518,Cassius,AmericanNameGirl518,Astrid,AmericanSurname518,Nicholson
AmericanNameBoy519,Drew,AmericanNameGirl519,Adrianna,AmericanSurname519,Monroe
AmericanNameBoy520,Rodrigo,AmericanNameGirl520,Charli,AmericanSurname520,Wolf
AmericanNameBoy521,Raphael,AmericanNameGirl521,Imani,AmericanSurname521,Morrow
AmericanNameBoy522,Danny,AmericanNameGirl522,Maryam,AmericanSurname522,Kirk
AmericanNameBoy523,Conrad,AmericanNameGirl523,Christina,AmericanSurname523,Randall
AmericanNameBoy524,Moshe,AmericanNameGirl524,Stevie,AmericanSurname524,Anthony
AmericanNameBoy525,Zyaire,AmericanNameGirl525,Maia,AmericanSurname525,Whitaker
AmericanNameBoy526,Julio,AmericanNameGirl526,Adelina,AmericanSurname526,Oconnor
AmericanNameBoy527,Casey,AmericanNameGirl527,Dream,AmericanSurname527,Skinner
AmericanNameBoy528,Ronald,AmericanNameGirl528,Aisha,AmericanSurname528,Ware
AmericanNameBoy529,Scott,AmericanNameGirl529,Alanna,AmericanSurname529,Molina
AmericanNameBoy530,Callan,AmericanNameGirl530,Itzel,AmericanSurname530,Kirby
AmericanNameBoy531,Roland,AmericanNameGirl531,Azalea,AmericanSurname531,Huffman
AmericanNameBoy532,Saul,AmericanNameGirl532,Katelyn,AmericanSurname532,Bradford
AmericanNameBoy533,Jalen,AmericanNameGirl533,Kylee,AmericanSurname533,Charles
AmericanNameBoy534,Brycen,AmericanNameGirl534,Leslie,AmericanSurname534,Gilmore
AmericanNameBoy535,Ryland,AmericanNameGirl535,Madilynn,AmericanSurname535,Dominguez
AmericanNameBoy536,Lawrence,AmericanNameGirl536,Myra,AmericanSurname536,Oneal
AmericanNameBoy537,Davis,AmericanNameGirl537,Virginia,AmericanSurname537,Bruce
AmericanNameBoy538,Rowen,AmericanNameGirl538,Remy,AmericanSurname538,Lang
AmericanNameBoy539,Zain,AmericanNameGirl539,Hanna,AmericanSurname539,Combs
AmericanNameBoy540,Ermias,AmericanNameGirl540,Aleah,AmericanSurname540,Kramer
AmericanNameBoy541,Jaime,AmericanNameGirl541,Jaliyah,AmericanSurname541,Heath
AmericanNameBoy542,Duke,AmericanNameGirl542,Antonella,AmericanSurname542,Hancock
AmericanNameBoy543,Stetson,AmericanNameGirl543,Aviana,AmericanSurname543,Gallagher
AmericanNameBoy544,Alec,AmericanNameGirl544,Cameron,AmericanSurname544,Gaines
AmericanNameBoy545,Yusuf,AmericanNameGirl545,Chelsea,AmericanSurname545,Shaffer
AmericanNameBoy546,Case,AmericanNameGirl546,Cecelia,AmericanSurname546,Short
AmericanNameBoy547,Trenton,AmericanNameGirl547,Alia,AmericanSurname547,Wiggins
AmericanNameBoy548,Callen,AmericanNameGirl548,Mae,AmericanSurname548,Mathews
AmericanNameBoy549,Ariel,AmericanNameGirl549,Cadence,AmericanSurname549,McClain
AmericanNameBoy550,Jasiah,AmericanNameGirl550,Emberly,AmericanSurname550,Fischer
AmericanNameBoy551,Soren,AmericanNameGirl551,Charley,AmericanSurname551,Wall
AmericanNameBoy552,Dennis,AmericanNameGirl552,Janelle,AmericanSurname552,Small
AmericanNameBoy553,Donald,AmericanNameGirl553,Mallory,AmericanSurname553,Melton
AmericanNameBoy554,Keith,AmericanNameGirl554,Kaliyah,AmericanSurname554,Hensley
AmericanNameBoy555,Izaiah,AmericanNameGirl555,Elaine,AmericanSurname555,Bond
AmericanNameBoy556,Lewis,AmericanNameGirl556,Gloria,AmericanSurname556,Dyer
AmericanNameBoy557,Kylan,AmericanNameGirl557,Jayleen,AmericanSurname557,Cameron
AmericanNameBoy558,Kobe,AmericanNameGirl558,Lorelai,AmericanSurname558,Grimes
AmericanNameBoy559,Makai,AmericanNameGirl559,Malaysia,AmericanSurname559,Contreras
AmericanNameBoy560,Rayan,AmericanNameGirl560,Bethany,AmericanSurname560,Christian
AmericanNameBoy561,Ford,AmericanNameGirl561,Briana,AmericanSurname561,Wyatt
AmericanNameBoy562,Zaire,AmericanNameGirl562,Beatrice,AmericanSurname562,Baxter
AmericanNameBoy563,Landyn,AmericanNameGirl563,Dorothy,AmericanSurname563,Snow
AmericanNameBoy564,Roy,AmericanNameGirl564,Rosie,AmericanSurname564,Mosley
AmericanNameBoy565,Bo,AmericanNameGirl565,Jemma,AmericanSurname565,Shepherd
AmericanNameBoy566,Chris,AmericanNameGirl566,Noa,AmericanSurname566,Larsen
AmericanNameBoy567,Jamari,AmericanNameGirl567,Carly,AmericanSurname567,Hoover
AmericanNameBoy568,Ares,AmericanNameGirl568,Mariam,AmericanSurname568,Beasley
AmericanNameBoy569,Mohammad,AmericanNameGirl569,Anne,AmericanSurname569,Glenn
AmericanNameBoy570,Darius,AmericanNameGirl570,Karina,AmericanSurname570,Petersen
AmericanNameBoy571,Drake,AmericanNameGirl571,Emmalyn,AmericanSurname571,Whitehead
AmericanNameBoy572,Tripp,AmericanNameGirl572,Ivory,AmericanSurname572,Meyers
AmericanNameBoy573,Marcelo,AmericanNameGirl573,Ivanna,AmericanSurname573,Keith
AmericanNameBoy574,Samson,AmericanNameGirl574,Jamie,AmericanSurname574,Garrison
AmericanNameBoy575,Dustin,AmericanNameGirl575,Kara,AmericanSurname575,Vincent
AmericanNameBoy576,Layton,AmericanNameGirl576,Aitana,AmericanSurname576,Shields
AmericanNameBoy577,Gerardo,AmericanNameGirl577,Jayda,AmericanSurname577,Horn
AmericanNameBoy578,Johan,AmericanNameGirl578,Justice,AmericanSurname578,Savage
AmericanNameBoy579,Kaysen,AmericanNameGirl579,Meredith,AmericanSurname579,Olsen
AmericanNameBoy580,Keaton,AmericanNameGirl580,Briar,AmericanSurname580,Schroeder
AmericanNameBoy581,Reece,AmericanNameGirl581,Skyla,AmericanSurname581,Hartman
AmericanNameBoy582,Chandler,AmericanNameGirl582,Khaleesi,AmericanSurname582,Woodard
AmericanNameBoy583,Lucca,AmericanNameGirl583,Dayana,AmericanSurname583,Mueller
AmericanNameBoy584,Mack,AmericanNameGirl584,Julieta,AmericanSurname584,Kemp
AmericanNameBoy585,Baylor,AmericanNameGirl585,Katalina,AmericanSurname585,Deleon
AmericanNameBoy586,Kannon,AmericanNameGirl586,Kendra,AmericanSurname586,Booth
AmericanNameBoy587,Marvin,AmericanNameGirl587,Oaklyn,AmericanSurname587,Patel
AmericanNameBoy588,Huxley,AmericanNameGirl588,Ashlyn,AmericanSurname588,Calhoun
AmericanNameBoy589,Nixon,AmericanNameGirl589,Armani,AmericanSurname589,Wiley
AmericanNameBoy590,Tony,AmericanNameGirl590,Jazmin,AmericanSurname590,Eaton
AmericanNameBoy591,Cason,AmericanNameGirl591,Kyra,AmericanSurname591,Cline
AmericanNameBoy592,Mauricio,AmericanNameGirl592,Angelica,AmericanSurname592,Navarro
AmericanNameBoy593,Quentin,AmericanNameGirl593,Zahra,AmericanSurname593,Harrell
AmericanNameBoy594,Edison,AmericanNameGirl594,Dallas,AmericanSurname594,Lester
AmericanNameBoy595,Quincy,AmericanNameGirl595,Johanna,AmericanSurname595,Humphrey
AmericanNameBoy596,Ahmed,AmericanNameGirl596,Elliot,AmericanSurname596,Parrish
AmericanNameBoy597,Finnley,AmericanNameGirl597,Macy,AmericanSurname597,Duran
AmericanNameBoy598,Justice,AmericanNameGirl598,Monroe,AmericanSurname598,Hutchinson
AmericanNameBoy599,Taylor,AmericanNameGirl599,Kimber,AmericanSurname599,Hess
AmericanNameBoy600,Gustavo,AmericanNameGirl600,Henley,AmericanSurname600,Dorsey
AmericanNameBoy601,Brock,AmericanNameGirl601,Ari,AmericanSurname601,Bullock
AmericanNameBoy602,Ahmad,AmericanNameGirl602,Karsyn,AmericanSurname602,Robles
AmericanNameBoy603,Kyree,AmericanNameGirl603,Lyanna,AmericanSurname603,Beard
AmericanNameBoy604,Arturo,AmericanNameGirl604,Lilian,AmericanSurname604,Dalton
AmericanNameBoy605,Nikolas,AmericanNameGirl605,Amalia,AmericanSurname605,Avila
AmericanNameBoy606,Boston,AmericanNameGirl606,Nola,AmericanSurname606,Vance
AmericanNameBoy607,Sincere,AmericanNameGirl607,Dior,AmericanSurname607,Rich
AmericanNameBoy608,Alessandro,AmericanNameGirl608,Aleena,AmericanSurname608,Blackwell
AmericanNameBoy609,Braylon,AmericanNameGirl609,Megan,AmericanSurname609,York
AmericanNameBoy610,Colby,AmericanNameGirl610,Michaela,AmericanSurname610,Johns
AmericanNameBoy611,Leonard,AmericanNameGirl611,Amirah,AmericanSurname611,Blankenship
AmericanNameBoy612,Ridge,AmericanNameGirl612,Cassandra,AmericanSurname612,Trevino
AmericanNameBoy613,Trey,AmericanNameGirl613,Melany,AmericanSurname613,Salinas
AmericanNameBoy614,Aden,AmericanNameGirl614,Legacy,AmericanSurname614,Campos
AmericanNameBoy615,Leandro,AmericanNameGirl615,Reyna,AmericanSurname615,Pruitt
AmericanNameBoy616,Sam,AmericanNameGirl616,Alma,AmericanSurname616,Moses
AmericanNameBoy617,Uriah,AmericanNameGirl617,Emmie,AmericanSurname617,Callahan
AmericanNameBoy618,Ty,AmericanNameGirl618,Melina,AmericanSurname618,Golden
AmericanNameBoy619,Sylas,AmericanNameGirl619,Siena,AmericanSurname619,Montoya
AmericanNameBoy620,Axton,AmericanNameGirl620,Priscilla,AmericanSurname620,Hardin
AmericanNameBoy621,Issac,AmericanNameGirl621,Ashlynn,AmericanSurname621,Guerra
AmericanNameBoy622,Fletcher,AmericanNameGirl622,Savanna,AmericanSurname622,McDowell
AmericanNameBoy623,Julien,AmericanNameGirl623,Sloan,AmericanSurname623,Carey
AmericanNameBoy624,Wells,AmericanNameGirl624,Tiana,AmericanSurname624,Stafford
AmericanNameBoy625,Alden,AmericanNameGirl625,Aubrie,AmericanSurname625,Gallegos
AmericanNameBoy626,Vihaan,AmericanNameGirl626,Coraline,AmericanSurname626,Henson
AmericanNameBoy627,Jamir,AmericanNameGirl627,Reina,AmericanSurname627,Wilkinson
AmericanNameBoy628,Valentino,AmericanNameGirl628,Allyson,AmericanSurname628,Booker
AmericanNameBoy629,Shepherd,AmericanNameGirl629,Kaydence,AmericanSurname629,Merritt
AmericanNameBoy630,Keanu,AmericanNameGirl630,Sasha,AmericanSurname630,Miranda
AmericanNameBoy631,Hezekiah,AmericanNameGirl631,Julie,AmericanSurname631,Atkinson
AmericanNameBoy632,Lionel,AmericanNameGirl632,Alexia,AmericanSurname632,Orr
AmericanNameBoy633,Kohen,AmericanNameGirl633,Irene,AmericanSurname633,Decker
AmericanNameBoy634,Zaid,AmericanNameGirl634,Marilyn,AmericanSurname634,Hobbs
AmericanNameBoy635,Alberto,AmericanNameGirl635,Greta,AmericanSurname635,Preston
AmericanNameBoy636,Neil,AmericanNameGirl636,Braelyn,AmericanSurname636,Tanner
AmericanNameBoy637,Denver,AmericanNameGirl637,Emerie,AmericanSurname637,Knox
AmericanNameBoy638,Aarav,AmericanNameGirl638,Lylah,AmericanSurname638,Pacheco
AmericanNameBoy639,Brendan,AmericanNameGirl639,Nalani,AmericanSurname639,Stephenson
AmericanNameBoy640,Dillon,AmericanNameGirl640,Monica,AmericanSurname640,Glass
AmericanNameBoy641,Koda,AmericanNameGirl641,Aileen,AmericanSurname641,Rojas
AmericanNameBoy642,Sutton,AmericanNameGirl642,Lauryn,AmericanSurname642,Serrano
AmericanNameBoy643,Kingsley,AmericanNameGirl643,Anahi,AmericanSurname643,Marks
AmericanNameBoy644,Sonny,AmericanNameGirl644,Aurelia,AmericanSurname644,Hickman
AmericanNameBoy645,Alfredo,AmericanNameGirl645,Kassidy,AmericanSurname645,English
AmericanNameBoy646,Wilson,AmericanNameGirl646,Rayna,AmericanSurname646,Sweeney
AmericanNameBoy647,Harry,AmericanNameGirl647,Romina,AmericanSurname647,Strong
AmericanNameBoy648,Jaziel,AmericanNameGirl648,Lillie,AmericanSurname648,Prince
AmericanNameBoy649,Salvador,AmericanNameGirl649,Marie,AmericanSurname649,McClure
AmericanNameBoy650,Cullen,AmericanNameGirl650,Rosa,AmericanSurname650,Conway
AmericanNameBoy651,Hamza,AmericanNameGirl651,Saige,AmericanSurname651,Walter
AmericanNameBoy652,Dariel,AmericanNameGirl652,Bonnie,AmericanSurname652,Roth
AmericanNameBoy653,Rex,AmericanNameGirl653,Kelly,AmericanSurname653,Maynard
AmericanNameBoy654,Zeke,AmericanNameGirl654,Xiomara,AmericanSurname654,Farrell
AmericanNameBoy655,Mohammed,AmericanNameGirl655,Annabella,AmericanSurname655,Lowery
AmericanNameBoy656,Nelson,AmericanNameGirl656,Avah,AmericanSurname656,Hurst
AmericanNameBoy657,Boone,AmericanNameGirl657,Lacey,AmericanSurname657,Nixon
AmericanNameBoy658,Ricky,AmericanNameGirl658,Anya,AmericanSurname658,Weiss
AmericanNameBoy659,Santana,AmericanNameGirl659,Liberty,AmericanSurname659,Trujillo
AmericanNameBoy660,Cayson,AmericanNameGirl660,Karen,AmericanSurname660,Ellison
AmericanNameBoy661,Lance,AmericanNameGirl661,Mercy,AmericanSurname661,Sloan
AmericanNameBoy662,Raylan,AmericanNameGirl662,Zelda,AmericanSurname662,Juarez
AmericanNameBoy663,Lucian,AmericanNameGirl663,Baylee,AmericanSurname663,Winters
AmericanNameBoy664,Eliel,AmericanNameGirl664,Chaya,AmericanSurname664,McLean
AmericanNameBoy665,Alvin,AmericanNameGirl665,Kenna,AmericanSurname665,Randolph
AmericanNameBoy666,Jagger,AmericanNameGirl666,Roselyn,AmericanSurname666,Leon
AmericanNameBoy667,Braden,AmericanNameGirl667,Liv,AmericanSurname667,Boyer
AmericanNameBoy668,Curtis,AmericanNameGirl668,Mara,AmericanSurname668,Villarreal
AmericanNameBoy669,Mathew,AmericanNameGirl669,Ensley,AmericanSurname669,McCall
AmericanNameBoy670,Jimmy,AmericanNameGirl670,Malani,AmericanSurname670,Gentry
AmericanNameBoy671,Kareem,AmericanNameGirl671,Malaya,AmericanSurname671,Carrillo
AmericanNameBoy672,Archie,AmericanNameGirl672,Hadassah,AmericanSurname672,Kent
AmericanNameBoy673,Amos,AmericanNameGirl673,Lyra,AmericanSurname673,Ayers
AmericanNameBoy674,Quinton,AmericanNameGirl674,Adley,AmericanSurname674,Lara
AmericanNameBoy675,Yosef,AmericanNameGirl675,Galilea,AmericanSurname675,Shannon
AmericanNameBoy676,Bodie,AmericanNameGirl676,Jaylah,AmericanSurname676,Sexton
AmericanNameBoy677,Jerry,AmericanNameGirl677,Karla,AmericanSurname677,Pace
AmericanNameBoy678,Langston,AmericanNameGirl678,Nala,AmericanSurname678,Hull
AmericanNameBoy679,Axl,AmericanNameGirl679,Opal,AmericanSurname679,Leblanc
AmericanNameBoy680,Stanley,AmericanNameGirl680,Aliza,AmericanSurname680,Browning
AmericanNameBoy681,Clay,AmericanNameGirl681,Milena,AmericanSurname681,Velasquez
AmericanNameBoy682,Douglas,AmericanNameGirl682,Ailani,AmericanSurname682,Leach
AmericanNameBoy683,Layne,AmericanNameGirl683,Louisa,AmericanSurname683,Chang
AmericanNameBoy684,Titan,AmericanNameGirl684,Mina,AmericanSurname684,House
AmericanNameBoy685,Tomas,AmericanNameGirl685,Kairi,AmericanSurname685,Sellers
AmericanNameBoy686,Houston,AmericanNameGirl686,Clementine,AmericanSurname686,Herring
AmericanNameBoy687,Darren,AmericanNameGirl687,Louise,AmericanSurname687,Noble
AmericanNameBoy688,Lachlan,AmericanNameGirl688,Maleah,AmericanSurname688,Foley
AmericanNameBoy689,Kase,AmericanNameGirl689,Janiyah,AmericanSurname689,Bartlett
AmericanNameBoy690,Korbin,AmericanNameGirl690,Marina,AmericanSurname690,Mercado
AmericanNameBoy691,Leighton,AmericanNameGirl691,Anika,AmericanSurname691,Landry
AmericanNameBoy692,Joziah,AmericanNameGirl692,Julissa,AmericanSurname692,Durham
AmericanNameBoy693,Samir,AmericanNameGirl693,Bailee,AmericanSurname693,Walls
AmericanNameBoy694,Watson,AmericanNameGirl694,Hayley,AmericanSurname694,Barr
AmericanNameBoy695,Colten,AmericanNameGirl695,Jessie,AmericanSurname695,McKee
AmericanNameBoy696,Roger,AmericanNameGirl696,Laney,AmericanSurname696,Bauer
AmericanNameBoy697,Shiloh,AmericanNameGirl697,Eileen,AmericanSurname697,Rivers
AmericanNameBoy698,Tommy,AmericanNameGirl698,Faye,AmericanSurname698,Everett
AmericanNameBoy699,Mitchell,AmericanNameGirl699,Kynlee,AmericanSurname699,Bradshaw
AmericanNameBoy700,Azariah,AmericanNameGirl700,Tiffany,AmericanSurname700,Pugh
AmericanNameBoy701,Noe,AmericanNameGirl701,Lara,AmericanSurname701,Velez
AmericanNameBoy702,Talon,AmericanNameGirl702,Angie,AmericanSurname702,Rush
AmericanNameBoy703,Deandre,AmericanNameGirl703,Joelle,AmericanSurname703,Estes
AmericanNameBoy704,Lochlan,AmericanNameGirl704,Rhea,AmericanSurname704,Dodson
AmericanNameBoy705,Joe,AmericanNameGirl705,Calliope,AmericanSurname705,Morse
AmericanNameBoy706,Carmelo,AmericanNameGirl706,Jazmine,AmericanSurname706,Sheppard
AmericanNameBoy707,Otis,AmericanNameGirl707,Amani,AmericanSurname707,Weeks
AmericanNameBoy708,Randy,AmericanNameGirl708,Haylee,AmericanSurname708,Camacho
AmericanNameBoy709,Byron,AmericanNameGirl709,Aliana,AmericanSurname709,Bean
AmericanNameBoy710,Chaim,AmericanNameGirl710,Leyla,AmericanSurname710,Barron
AmericanNameBoy711,Lennon,AmericanNameGirl711,Jolie,AmericanSurname711,Livingston
AmericanNameBoy712,Devon,AmericanNameGirl712,Kinslee,AmericanSurname712,Middleton
AmericanNameBoy713,Nathanael,AmericanNameGirl713,Ryann,AmericanSurname713,Spears
AmericanNameBoy714,Bruno,AmericanNameGirl714,Simone,AmericanSurname714,Branch
AmericanNameBoy715,Aryan,AmericanNameGirl715,Milan,AmericanSurname715,Blevins
AmericanNameBoy716,Flynn,AmericanNameGirl716,Lennox,AmericanSurname716,Chen
AmericanNameBoy717,Vicente,AmericanNameGirl717,Treasure,AmericanSurname717,Kerr
AmericanNameBoy718,Brixton,AmericanNameGirl718,Alora,AmericanSurname718,McConnell
AmericanNameBoy719,Kyro,AmericanNameGirl719,Ellis,AmericanSurname719,Hatfield
AmericanNameBoy720,Brennan,AmericanNameGirl720,Rebekah,AmericanSurname720,Harding
AmericanNameBoy721,Casen,AmericanNameGirl721,Mikaela,AmericanSurname721,Ashley
AmericanNameBoy722,Kenzo,AmericanNameGirl722,Lina,AmericanSurname722,Solis
AmericanNameBoy723,Orlando,AmericanNameGirl723,Harmoni,AmericanSurname723,Herman
AmericanNameBoy724,Castiel,AmericanNameGirl724,Yareli,AmericanSurname724,Frost
AmericanNameBoy725,Rayden,AmericanNameGirl725,Giuliana,AmericanSurname725,Giles
AmericanNameBoy726,Ben,AmericanNameGirl726,Lea,AmericanSurname726,Blackburn
AmericanNameBoy727,Grey,AmericanNameGirl727,Harlee,AmericanSurname727,William
AmericanNameBoy728,Jedidiah,AmericanNameGirl728,Elyse,AmericanSurname728,Pennington
AmericanNameBoy729,Tadeo,AmericanNameGirl729,Frida,AmericanSurname729,Woodward
AmericanNameBoy730,Morgan,AmericanNameGirl730,Blaire,AmericanSurname730,Finley
AmericanNameBoy731,Augustine,AmericanNameGirl731,Aya,AmericanSurname731,McIntosh
AmericanNameBoy732,Mekhi,AmericanNameGirl732,Laurel,AmericanSurname732,Koch
AmericanNameBoy733,Abdullah,AmericanNameGirl733,Meghan,AmericanSurname733,Best
AmericanNameBoy734,Ramon,AmericanNameGirl734,Pearl,AmericanSurname734,Solomon
AmericanNameBoy735,Saint,AmericanNameGirl735,Zaylee,AmericanSurname735,McCullough
AmericanNameBoy736,Emery,AmericanNameGirl736,Alena,AmericanSurname736,Dudley
AmericanNameBoy737,Maurice,AmericanNameGirl737,Holland,AmericanSurname737,Nolan
AmericanNameBoy738,Jefferson,AmericanNameGirl738,Bria,AmericanSurname738,Blanchard
AmericanNameBoy739,Maximo,AmericanNameGirl739,Rayne,AmericanSurname739,Rivas
AmericanNameBoy740,Koa,AmericanNameGirl740,Bridget,AmericanSurname740,Brennan
AmericanNameBoy741,Ray,AmericanNameGirl741,Zariyah,AmericanSurname741,Mejia
AmericanNameBoy742,Jamie,AmericanNameGirl742,Kori,AmericanSurname742,Kane
AmericanNameBoy743,Eddie,AmericanNameGirl743,Frankie,AmericanSurname743,Benton
AmericanNameBoy744,Guillermo,AmericanNameGirl744,Clarissa,AmericanSurname744,Joyce
AmericanNameBoy745,Onyx,AmericanNameGirl745,Brylee,AmericanSurname745,Buckley
AmericanNameBoy746,Thaddeus,AmericanNameGirl746,Davina,AmericanSurname746,Haley
AmericanNameBoy747,Wayne,AmericanNameGirl747,Rivka,AmericanSurname747,Valentine
AmericanNameBoy748,Hassan,AmericanNameGirl748,Cynthia,AmericanSurname748,Maddox
AmericanNameBoy749,Alonso,AmericanNameGirl749,Zaria,AmericanSurname749,Russo
AmericanNameBoy750,Dash,AmericanNameGirl750,Madalyn,AmericanSurname750,McKnight
AmericanNameBoy751,Elisha,AmericanNameGirl751,Paula,AmericanSurname751,Buck
AmericanNameBoy752,Jaxxon,AmericanNameGirl752,Salem,AmericanSurname752,Moon
AmericanNameBoy753,Rohan,AmericanNameGirl753,Amelie,AmericanSurname753,McMillan
AmericanNameBoy754,Carl,AmericanNameGirl754,Madisyn,AmericanSurname754,Crosby
AmericanNameBoy755,Kelvin,AmericanNameGirl755,Vienna,AmericanSurname755,Berg
AmericanNameBoy756,Jon,AmericanNameGirl756,Haisley,AmericanSurname756,Dotson
AmericanNameBoy757,Larry,AmericanNameGirl757,Ainhoa,AmericanSurname757,Mays
AmericanNameBoy758,Reese,AmericanNameGirl758,Journi,AmericanSurname758,Roach
AmericanNameBoy759,Aldo,AmericanNameGirl759,Karter,AmericanSurname759,Church
AmericanNameBoy760,Marcel,AmericanNameGirl760,Oaklee,AmericanSurname760,Chan
AmericanNameBoy761,Melvin,AmericanNameGirl761,Livia,AmericanSurname761,Richmond
AmericanNameBoy762,Yousef,AmericanNameGirl762,Miley,AmericanSurname762,Meadows
AmericanNameBoy763,Aron,AmericanNameGirl763,Adele,AmericanSurname763,Faulkner
AmericanNameBoy764,Kace,AmericanNameGirl764,Amaia,AmericanSurname764,Oneill
AmericanNameBoy765,Vincenzo,AmericanNameGirl765,Yara,AmericanSurname765,Knapp
AmericanNameBoy766,Kellan,AmericanNameGirl766,Averi,AmericanSurname766,Kline
AmericanNameBoy767,Miller,AmericanNameGirl767,Emmeline,AmericanSurname767,Barry
AmericanNameBoy768,Jakob,AmericanNameGirl768,Kyleigh,AmericanSurname768,Ochoa
AmericanNameBoy769,Reign,AmericanNameGirl769,Princess,AmericanSurname769,Jacobson
AmericanNameBoy770,Kellen,AmericanNameGirl770,Penny,AmericanSurname770,Gay
AmericanNameBoy771,Kristopher,AmericanNameGirl771,Sariyah,AmericanSurname771,Avery
AmericanNameBoy772,Ernesto,AmericanNameGirl772,Amayah,AmericanSurname772,Hendricks
AmericanNameBoy773,Briar,AmericanNameGirl773,Crystal,AmericanSurname773,Horne
AmericanNameBoy774,Gary,AmericanNameGirl774,Keyla,AmericanSurname774,Shepard
AmericanNameBoy775,Trace,AmericanNameGirl775,Lilyana,AmericanSurname775,Hebert
AmericanNameBoy776,Joey,AmericanNameGirl776,Linda,AmericanSurname776,Cherry
AmericanNameBoy777,Clyde,AmericanNameGirl777,Aniya,AmericanSurname777,Cardenas
AmericanNameBoy778,Enoch,AmericanNameGirl778,Marianna,AmericanSurname778,McIntyre
AmericanNameBoy779,Jaxx,AmericanNameGirl779,Alaiya,AmericanSurname779,Whitney
AmericanNameBoy780,Crosby,AmericanNameGirl780,Noemi,AmericanSurname780,Waller
AmericanNameBoy781,Magnus,AmericanNameGirl781,Chanel,AmericanSurname781,Holman
AmericanNameBoy782,Fisher,AmericanNameGirl782,Estella,AmericanSurname782,Donaldson
AmericanNameBoy783,Jadiel,AmericanNameGirl783,Isabela,AmericanSurname783,Cantu
AmericanNameBoy784,Bronson,AmericanNameGirl784,Jillian,AmericanSurname784,Terrell
AmericanNameBoy785,Eugene,AmericanNameGirl785,Kallie,AmericanSurname785,Morin
AmericanNameBoy786,Lee,AmericanNameGirl786,Ellianna,AmericanSurname786,Gillespie
AmericanNameBoy787,Brecken,AmericanNameGirl787,Elsa,AmericanSurname787,Fuentes
AmericanNameBoy788,Atreus,AmericanNameGirl788,Itzayana,AmericanSurname788,Tillman
AmericanNameBoy789,Madden,AmericanNameGirl789,Zora,AmericanSurname789,Sanford
AmericanNameBoy790,Khari,AmericanNameGirl790,Estelle,AmericanSurname790,Bentley
AmericanNameBoy791,Caspian,AmericanNameGirl791,Chana,AmericanSurname791,Peck
AmericanNameBoy792,Ishaan,AmericanNameGirl792,Raina,AmericanSurname792,Key
AmericanNameBoy793,Kristian,AmericanNameGirl793,Royal,AmericanSurname793,Salas
AmericanNameBoy794,Westley,AmericanNameGirl794,Sunny,AmericanSurname794,Rollins
AmericanNameBoy795,Hugh,AmericanNameGirl795,Estrella,AmericanSurname795,Gamble
AmericanNameBoy796,Kamryn,AmericanNameGirl796,Martha,AmericanSurname796,Dickson
AmericanNameBoy797,Musa,AmericanNameGirl797,Ellen,AmericanSurname797,Battle
AmericanNameBoy798,Rey,AmericanNameGirl798,Kailey,AmericanSurname798,Santana
AmericanNameBoy799,Thatcher,AmericanNameGirl799,Maxine,AmericanSurname799,Cabrera
AmericanNameBoy800,Alfred,AmericanNameGirl800,Clare,AmericanSurname800,Cervantes
AmericanNameBoy801,Emory,AmericanNameGirl801,Teresa,AmericanSurname801,Howe
AmericanNameBoy802,Kye,AmericanNameGirl802,Annika,AmericanSurname802,Hinton
AmericanNameBoy803,Reyansh,AmericanNameGirl803,Kamilah,AmericanSurname803,Hurley
AmericanNameBoy804,Yahir,AmericanNameGirl804,Azariah,AmericanSurname804,Spence
AmericanNameBoy805,Cain,AmericanNameGirl805,Della,AmericanSurname805,Zamora
AmericanNameBoy806,Mordechai,AmericanNameGirl806,Addyson,AmericanSurname806,Yang
AmericanNameBoy807,Zayd,AmericanNameGirl807,Kai,AmericanSurname807,McNeil
AmericanNameBoy808,Demetrius,AmericanNameGirl808,Lilianna,AmericanSurname808,Suarez
AmericanNameBoy809,Harley,AmericanNameGirl809,Tinsley,AmericanSurname809,Case
AmericanNameBoy810,Felipe,AmericanNameGirl810,Yaritza,AmericanSurname810,Petty
AmericanNameBoy811,Louie,AmericanNameGirl811,Navy,AmericanSurname811,Gould
AmericanNameBoy812,Branson,AmericanNameGirl812,Winnie,AmericanSurname812,McFarland
AmericanNameBoy813,Graysen,AmericanNameGirl813,Andi,AmericanSurname813,Sampson
AmericanNameBoy814,Allan,AmericanNameGirl814,Kamiyah,AmericanSurname814,Carver
AmericanNameBoy815,Kole,AmericanNameGirl815,Waverly,AmericanSurname815,Bray
AmericanNameBoy816,Harold,AmericanNameGirl816,Sky,AmericanSurname816,Rosario
AmericanNameBoy817,Alvaro,AmericanNameGirl817,Amaris,AmericanSurname817,MacDonald
AmericanNameBoy818,Harlan,AmericanNameGirl818,Ramona,AmericanSurname818,Stout
AmericanNameBoy819,Amias,AmericanNameGirl819,Saoirse,AmericanSurname819,Hester
AmericanNameBoy820,Brett,AmericanNameGirl820,Hana,AmericanSurname820,Melendez
AmericanNameBoy821,Khalid,AmericanNameGirl821,Judith,AmericanSurname821,Dillon
AmericanNameBoy822,Misael,AmericanNameGirl822,Halle,AmericanSurname822,Farley
AmericanNameBoy823,Westin,AmericanNameGirl823,Laylah,AmericanSurname823,Hopper
AmericanNameBoy824,Zechariah,AmericanNameGirl824,Novalee,AmericanSurname824,Galloway
AmericanNameBoy825,Aydin,AmericanNameGirl825,Jaycee,AmericanSurname825,Potts
AmericanNameBoy826,Kaiser,AmericanNameGirl826,Zaniyah,AmericanSurname826,Bernard
AmericanNameBoy827,Lian,AmericanNameGirl827,Alianna,AmericanSurname827,Joyner
AmericanNameBoy828,Bryant,AmericanNameGirl828,Paulina,AmericanSurname828,Stein
AmericanNameBoy829,Junior,AmericanNameGirl829,Jayde,AmericanSurname829,Aguirre
AmericanNameBoy830,Legacy,AmericanNameGirl830,Thalia,AmericanSurname830,Osborn
AmericanNameBoy831,Ulises,AmericanNameGirl831,Giovanna,AmericanSurname831,Mercer
AmericanNameBoy832,Bellamy,AmericanNameGirl832,Gwen,AmericanSurname832,Bender
AmericanNameBoy833,Brayan,AmericanNameGirl833,Iliana,AmericanSurname833,Franco
AmericanNameBoy834,Kody,AmericanNameGirl834,Elora,AmericanSurname834,Rowland
AmericanNameBoy835,Ledger,AmericanNameGirl835,Ezra,AmericanSurname835,Sykes
AmericanNameBoy836,Eliseo,AmericanNameGirl836,Kaylie,AmericanSurname836,Benjamin
AmericanNameBoy837,Gordon,AmericanNameGirl837,Braylee,AmericanSurname837,Travis
AmericanNameBoy838,London,AmericanNameGirl838,Mavis,AmericanSurname838,Pickett
AmericanNameBoy839,Rocky,AmericanNameGirl839,Ellison,AmericanSurname839,Crane
AmericanNameBoy840,Valentin,AmericanNameGirl840,Margo,AmericanSurname840,Sears
AmericanNameBoy841,Terry,AmericanNameGirl841,Mylah,AmericanSurname841,Mayo
AmericanNameBoy842,Damari,AmericanNameGirl842,Paisleigh,AmericanSurname842,Dunlap
AmericanNameBoy843,Trent,AmericanNameGirl843,Analia,AmericanSurname843,Hayden
AmericanNameBoy844,Bentlee,AmericanNameGirl844,August,AmericanSurname844,Wilder
AmericanNameBoy845,Canaan,AmericanNameGirl845,Brittany,AmericanSurname845,McKay
AmericanNameBoy846,Gatlin,AmericanNameGirl846,Kaisley,AmericanSurname846,Coffey
AmericanNameBoy847,Kiaan,AmericanNameGirl847,Belen,AmericanSurname847,McCarty
AmericanNameBoy848,Franco,AmericanNameGirl848,Promise,AmericanSurname848,Ewing
AmericanNameBoy849,Eithan,AmericanNameGirl849,Amiya,AmericanSurname849,Cooley
AmericanNameBoy850,Idris,AmericanNameGirl850,Dalary,AmericanSurname850,Vaughan
AmericanNameBoy851,Krew,AmericanNameGirl851,Veda,AmericanSurname851,Bonner
AmericanNameBoy852,Yehuda,AmericanNameGirl852,Alisson,AmericanSurname852,Cotton
AmericanNameBoy853,Marlon,AmericanNameGirl853,Keilani,AmericanSurname853,Holder
AmericanNameBoy854,Rodney,AmericanNameGirl854,Oakleigh,AmericanSurname854,Stark
AmericanNameBoy855,Creed,AmericanNameGirl855,Guadalupe,AmericanSurname855,Ferrell
AmericanNameBoy856,Salvatore,AmericanNameGirl856,Leanna,AmericanSurname856,Cantrell
AmericanNameBoy857,Stefan,AmericanNameGirl857,Rosalyn,AmericanSurname857,Fulton
AmericanNameBoy858,Tristen,AmericanNameGirl858,Selene,AmericanSurname858,Lynn
AmericanNameBoy859,Adrien,AmericanNameGirl859,Theodora,AmericanSurname859,Lott
AmericanNameBoy860,Jamal,AmericanNameGirl860,Kamari,AmericanSurname860,Calderon
AmericanNameBoy861,Judson,AmericanNameGirl861,Anais,AmericanSurname861,Rosa
AmericanNameBoy862,Camilo,AmericanNameGirl862,Elodie,AmericanSurname862,Pollard
AmericanNameBoy863,Kenny,AmericanNameGirl863,Celia,AmericanSurname863,Hooper
AmericanNameBoy864,Nova,AmericanNameGirl864,Dani,AmericanSurname864,Burch
AmericanNameBoy865,Robin,AmericanNameGirl865,Hunter,AmericanSurname865,Mullen
AmericanNameBoy866,Rudy,AmericanNameGirl866,Indie,AmericanSurname866,Fry
AmericanNameBoy867,Van,AmericanNameGirl867,Kenia,AmericanSurname867,Riddle
AmericanNameBoy868,Bjorn,AmericanNameGirl868,Nellie,AmericanSurname868,Levy
AmericanNameBoy869,Brodie,AmericanNameGirl869,Belle,AmericanSurname869,David
AmericanNameBoy870,Mac,AmericanNameGirl870,Kataleya,AmericanSurname870,Duke
AmericanNameBoy871,Jacoby,AmericanNameGirl871,Lexie,AmericanSurname871,Odonnell
AmericanNameBoy872,Sekani,AmericanNameGirl872,Miah,AmericanSurname872,Guy
AmericanNameBoy873,Vivaan,AmericanNameGirl873,Rylan,AmericanSurname873,Michael
AmericanNameBoy874,Blaine,AmericanNameGirl874,Sylvie,AmericanSurname874,Britt
AmericanNameBoy875,Ira,AmericanNameGirl875,Valery,AmericanSurname875,Frederick
AmericanNameBoy876,Ameer,AmericanNameGirl876,Addilynn,AmericanSurname876,Daugherty
AmericanNameBoy877,Dominik,AmericanNameGirl877,Dulce,AmericanSurname877,Berger
AmericanNameBoy878,Alaric,AmericanNameGirl878,Marissa,AmericanSurname878,Dillard
AmericanNameBoy879,Dane,AmericanNameGirl879,Meilani,AmericanSurname879,Alston
AmericanNameBoy880,Jeremias,AmericanNameGirl880,Natasha,AmericanSurname880,Jarvis
AmericanNameBoy881,Kyng,AmericanNameGirl881,Jaylee,AmericanSurname881,Frye
AmericanNameBoy882,Reginald,AmericanNameGirl882,Kimora,AmericanSurname882,Riggs
AmericanNameBoy883,Bobby,AmericanNameGirl883,Raquel,AmericanSurname883,Chaney
AmericanNameBoy884,Kabir,AmericanNameGirl884,Scarlette,AmericanSurname884,Odom
AmericanNameBoy885,Jairo,AmericanNameGirl885,Aliya,AmericanSurname885,Duffy
AmericanNameBoy886,Alexzander,AmericanNameGirl886,Nataly,AmericanSurname886,Fitzpatrick
AmericanNameBoy887,Benicio,AmericanNameGirl887,Whitney,AmericanSurname887,Valenzuela
AmericanNameBoy888,Vance,AmericanNameGirl888,Corinne,AmericanSurname888,Merrill
AmericanNameBoy889,Wallace,AmericanNameGirl889,Denver,AmericanSurname889,Mayer
AmericanNameBoy890,Zavier,AmericanNameGirl890,Nathalie,AmericanSurname890,Alford
AmericanNameBoy891,Billy,AmericanNameGirl891,Kiera,AmericanSurname891,McPherson
AmericanNameBoy892,Callahan,AmericanNameGirl892,Milana,AmericanSurname892,Acevedo
AmericanNameBoy893,Dakari,AmericanNameGirl893,Vada,AmericanSurname893,Donovan
AmericanNameBoy894,Gerald,AmericanNameGirl894,Violeta,AmericanSurname894,Barrera
AmericanNameBoy895,Turner,AmericanNameGirl895,Luz,AmericanSurname895,Albert
AmericanNameBoy896,Bear,AmericanNameGirl896,Addisyn,AmericanSurname896,Cote
AmericanNameBoy897,Jabari,AmericanNameGirl897,Casey,AmericanSurname897,Reilly
AmericanNameBoy898,Cory,AmericanNameGirl898,Deborah,AmericanSurname898,Compton
AmericanNameBoy899,Fox,AmericanNameGirl899,Tori,AmericanSurname899,Raymond
AmericanNameBoy900,Harlem,AmericanNameGirl900,Zainab,AmericanSurname900,Mooney
AmericanNameBoy901,Jakari,AmericanNameGirl901,Erika,AmericanSurname901,McGowan
AmericanNameBoy902,Jeffery,AmericanNameGirl902,Jenesis,AmericanSurname902,Craft
AmericanNameBoy903,Maxton,AmericanNameGirl903,Avalynn,AmericanSurname903,Cleveland
AmericanNameBoy904,Ronnie,AmericanNameGirl904,Nancy,AmericanSurname904,Clemons
AmericanNameBoy905,Yisroel,AmericanNameGirl905,Emmalynn,AmericanSurname905,Wynn
AmericanNameBoy906,Zakai,AmericanNameGirl906,Hadlee,AmericanSurname906,Nielsen
AmericanNameBoy907,Bridger,AmericanNameGirl907,Heavenly,AmericanSurname907,Baird
AmericanNameBoy908,Remi,AmericanNameGirl908,Aubrielle,AmericanSurname908,Stanton
AmericanNameBoy909,Arian,AmericanNameGirl909,Elisabeth,AmericanSurname909,Snider
AmericanNameBoy910,Blaze,AmericanNameGirl910,Salma,AmericanSurname910,Rosales
AmericanNameBoy911,Forest,AmericanNameGirl911,Adalee,AmericanSurname911,Bright
AmericanNameBoy912,Genesis,AmericanNameGirl912,Landry,AmericanSurname912,Witt
AmericanNameBoy913,Jerome,AmericanNameGirl913,Malayah,AmericanSurname913,Stuart
AmericanNameBoy914,Reuben,AmericanNameGirl914,Novah,AmericanSurname914,Hays
AmericanNameBoy915,Wesson,AmericanNameGirl915,Egypt,AmericanSurname915,Holden
AmericanNameBoy916,Anders,AmericanNameGirl916,Ayleen,AmericanSurname916,Rutledge
AmericanNameBoy917,Banks,AmericanNameGirl917,Blessing,AmericanSurname917,Kinney
AmericanNameBoy918,Calum,AmericanNameGirl918,Elina,AmericanSurname918,Clements
AmericanNameBoy919,Dayton,AmericanNameGirl919,Joyce,AmericanSurname919,Castaneda
AmericanNameBoy920,Kylen,AmericanNameGirl920,Myah,AmericanSurname920,Slater
AmericanNameBoy921,Dangelo,AmericanNameGirl921,Zoie,AmericanSurname921,Hahn
AmericanNameBoy922,Emir,AmericanNameGirl922,Christine,AmericanSurname922,Emerson
AmericanNameBoy923,Malakhi,AmericanNameGirl923,Jaelynn,AmericanSurname923,Conrad
AmericanNameBoy924,Salem,AmericanNameGirl924,Persephone,AmericanSurname924,Burks
AmericanNameBoy925,Blaise,AmericanNameGirl925,Chandler,AmericanSurname925,Delaney
AmericanNameBoy926,Tru,AmericanNameGirl926,Emmaline,AmericanSurname926,Pate
AmericanNameBoy927,Boden,AmericanNameGirl927,Paloma,AmericanSurname927,Lancaster
AmericanNameBoy928,Kolten,AmericanNameGirl928,Harleigh,AmericanSurname928,Sweet
AmericanNameBoy929,Kylo,AmericanNameGirl929,Noor,AmericanSurname929,Justice
AmericanNameBoy930,Aries,AmericanNameGirl930,Paola,AmericanSurname930,Tyson
AmericanNameBoy931,Henrik,AmericanNameGirl931,India,AmericanSurname931,Sharpe
AmericanNameBoy932,Kalel,AmericanNameGirl932,Madalynn,AmericanSurname932,Whitfield
AmericanNameBoy933,Landry,AmericanNameGirl933,Rosalee,AmericanSurname933,Talley
AmericanNameBoy934,Marcellus,AmericanNameGirl934,Florence,AmericanSurname934,MacIas
AmericanNameBoy935,Zahir,AmericanNameGirl935,Maliah,AmericanSurname935,Irwin
AmericanNameBoy936,Lyle,AmericanNameGirl936,Flora,AmericanSurname936,Burris
AmericanNameBoy937,Dario,AmericanNameGirl937,Luella,AmericanSurname937,Ratliff
AmericanNameBoy938,Rene,AmericanNameGirl938,Patricia,AmericanSurname938,McCray
AmericanNameBoy939,Terrance,AmericanNameGirl939,Whitley,AmericanSurname939,Madden
AmericanNameBoy940,Xzavier,AmericanNameGirl940,Carolyn,AmericanSurname940,Kaufman
AmericanNameBoy941,Alfonso,AmericanNameGirl941,Kathleen,AmericanSurname941,Beach
AmericanNameBoy942,Darian,AmericanNameGirl942,Keily,AmericanSurname942,Goff
AmericanNameBoy943,Kylian,AmericanNameGirl943,Kiana,AmericanSurname943,Cash
AmericanNameBoy944,Maison,AmericanNameGirl944,Tenley,AmericanSurname944,Bolton
AmericanNameBoy945,Foster,AmericanNameGirl945,Alyson,AmericanSurname945,McFadden
AmericanNameBoy946,Keenan,AmericanNameGirl946,Barbara,AmericanSurname946,Hamm
AmericanNameBoy947,Yahya,AmericanNameGirl947,Dana,AmericanSurname947,Gibbons
AmericanNameBoy948,Heath,AmericanNameGirl948,Yasmin,AmericanSurname948,Seymour
AmericanNameBoy949,Javion,AmericanNameGirl949,Bexley,AmericanSurname949,Moyer
AmericanNameBoy950,Jericho,AmericanNameGirl950,Micah,AmericanSurname950,Manley
AmericanNameBoy951,Aziel,AmericanNameGirl951,Tatiana,AmericanSurname951,Herron
AmericanNameBoy952,Darwin,AmericanNameGirl952,Arden,AmericanSurname952,Plummer
AmericanNameBoy953,Marquis,AmericanNameGirl953,Aubriella,AmericanSurname953,Elmore
AmericanNameBoy954,Mylo,AmericanNameGirl954,Lindsey,AmericanSurname954,Cramer
AmericanNameBoy955,Ambrose,AmericanNameGirl955,Emani,AmericanSurname955,Gary
AmericanNameBoy956,Anakin,AmericanNameGirl956,Hailee,AmericanSurname956,Rucker
AmericanNameBoy957,Jordy,AmericanNameGirl957,Lisa,AmericanSurname957,Hilton
AmericanNameBoy958,Juelz,AmericanNameGirl958,Sevyn,AmericanSurname958,Blue
AmericanNameBoy959,Toby,AmericanNameGirl959,Fallon,AmericanSurname959,Pierson
AmericanNameBoy960,Yael,AmericanNameGirl960,Magdalena,AmericanSurname960,Fontenot
AmericanNameBoy961,Azrael,AmericanNameGirl961,Tinley,AmericanSurname961,Field
AmericanNameBoy962,Brentley,AmericanNameGirl962,Halo,AmericanSurname962,Rubio
AmericanNameBoy963,Tristian,AmericanNameGirl963,Lailah,AmericanSurname963,Grace
AmericanNameBoy964,Bode,AmericanNameGirl964,Arlette,AmericanSurname964,Goldstein
AmericanNameBoy965,Jovanni,AmericanNameGirl965,Ansley,AmericanSurname965,Elkins
AmericanNameBoy966,Santos,AmericanNameGirl966,Esperanza,AmericanSurname966,Wills
AmericanNameBoy967,Alistair,AmericanNameGirl967,Cleo,AmericanSurname967,Novak
AmericanNameBoy968,Braydon,AmericanNameGirl968,Aila,AmericanSurname968,John
AmericanNameBoy969,Kamdyn,AmericanNameGirl969,Emerald,AmericanSurname969,Hickey
AmericanNameBoy970,Marc,AmericanNameGirl970,Jaelyn,AmericanSurname970,Worley
AmericanNameBoy971,Mayson,AmericanNameGirl971,Karlee,AmericanSurname971,Gorman
AmericanNameBoy972,Niklaus,AmericanNameGirl972,Kaya,AmericanSurname972,Katz
AmericanNameBoy973,Simeon,AmericanNameGirl973,Ingrid,AmericanSurname973,Dickinson
AmericanNameBoy974,Colter,AmericanNameGirl974,Jewel,AmericanSurname974,Broussard
AmericanNameBoy975,Davion,AmericanNameGirl975,Emilee,AmericanSurname975,Fritz
AmericanNameBoy976,Leroy,AmericanNameGirl976,Giana,AmericanSurname976,Woodruff
AmericanNameBoy977,Ayan,AmericanNameGirl977,Paityn,AmericanSurname977,Crow
AmericanNameBoy978,Dilan,AmericanNameGirl978,Zola,AmericanSurname978,Christopher
AmericanNameBoy979,Ephraim,AmericanNameGirl979,Amoura,AmericanSurname979,Britton
AmericanNameBoy980,Anson,AmericanNameGirl980,Renee,AmericanSurname980,Forrest
AmericanNameBoy981,Merrick,AmericanNameGirl981,Ann,AmericanSurname981,Nance
AmericanNameBoy982,Wes,AmericanNameGirl982,Berkley,AmericanSurname982,Lehman
AmericanNameBoy983,Will,AmericanNameGirl983,Harriet,AmericanSurname983,Bingham
AmericanNameBoy984,Jaxen,AmericanNameGirl984,Queen,AmericanSurname984,Zuniga
AmericanNameBoy985,Maxim,AmericanNameGirl985,Sariah,AmericanSurname985,Whaley
AmericanNameBoy986,Howard,AmericanNameGirl986,Beatrix,AmericanSurname986,Shafer
AmericanNameBoy987,Jad,AmericanNameGirl987,Sandra,AmericanSurname987,Coffman
AmericanNameBoy988,Jesiah,AmericanNameGirl988,Alannah,AmericanSurname988,Steward
AmericanNameBoy989,Ignacio,AmericanNameGirl989,Austyn,AmericanSurname989,Delarosa
AmericanNameBoy990,Zyon,AmericanNameGirl990,Freyja,AmericanSurname990,Nix
AmericanNameBoy991,Ahmir,AmericanNameGirl991,Kaylin,AmericanSurname991,Neely
AmericanNameBoy992,Jair,AmericanNameGirl992,Samira,AmericanSurname992,Numbers
AmericanNameBoy993,Mustafa,AmericanNameGirl993,Taliyah,AmericanSurname993,Mata
AmericanNameBoy994,Jermaine,AmericanNameGirl994,Hadleigh,AmericanSurname994,Manuel
AmericanNameBoy995,Yadiel,AmericanNameGirl995,Kaiya,AmericanSurname995,Davila
AmericanNameBoy996,Aayan,AmericanNameGirl996,Robin,AmericanSurname996,Aldridge
AmericanNameBoy997,Dhruv,AmericanNameGirl997,Luisa,AmericanSurname997,Ackerman
AmericanNameBoy998,Seven,AmericanNameGirl998,Zendaya,AmericanSurname998,Starks
AmericanNameBoy999,Stone,AmericanNameGirl999,Ariadne,AmericanSurname999,Ricks
AmericanNameBoy1000,Rome,AmericanNameGirl1000,Dixie,AmericanSurname1000,Holliday